0,1,2,3,4,5,6,7,8,9,10,11,12,13,14,15,16,17,18,19,20,21,22,23,24,25,26,27,28,29,30,31,32,33,34,35,36,37,38,39,40,41,42,43,44,45,46,47,48,49,50,51,52,53,54,55,56,57,58,59,60,61,62,63,64,65,66,67,68,69,70,71,72,73,74,75,76,77,78,79,80,81,82,83,84,85,86,87,88,89,90,91,92,93,94,95,96,97,98,99,100,101,102,103,104,105,106,107,108,109,110,111,112,113,114,115,116,117,118,119,120,121,122,123,124,125,126,127,128,129,130,131,132,133,134,135,136,137,138,139,140,141,142,143,144,145,146,147,148,149,150,151,152,153,154,155,156,157,158,159,160,161,162,163,164,165,166,167,168,169,170,171,172,173,174,175,176,177,178,179,180,181
1,R,R,R,R,R,R,R,R,R,R,R,R,R,R,1,1,1,1,1,1,1,1,1,1,1,1,1,1,1,2,2,2,2,2,2,2,2,2,2,2,2,2,2,2,2,2,2,2,2,2,2,2,2,2,2,2,2,2,2,3,3,3,3,3,3,3,3,3,3,3,3,3,3,3,3,3,3,3,3,3,3,3,3,3,3,3,3,3,3,4,4,4,4,4,4,4,4,4,4,4,4,4,4,4,4,4,4,4,4,4,4,4,4,4,4,4,4,4,4,5,5,5,5,5,5,5,5,5,5,5,5,5,5,5,5,5,5,5,5,5,5,5,5,5,5,5,5,5,5,6,6,6,6,6,6,6,6,6,6,6,6,6,6,6,6,6,6,6,6,6,6,6,6,6,6,6,6,6,6,6,1
2,R,R,R,R,R,R,R,R,R,R,R,R,R,R,1,1,1,1,1,1,1,1,1,1,1,1,1,1,1,2,2,2,2,2,2,2,2,2,2,2,2,2,2,2,2,2,2,2,2,2,2,2,2,2,2,2,2,2,2,3,3,3,3,3,3,3,3,3,3,3,3,3,3,3,3,3,3,3,3,3,3,3,3,3,3,3,3,3,3,4,4,4,4,4,4,4,4,4,4,4,4,4,4,4,4,4,4,4,4,4,4,4,4,4,4,4,4,4,4,5,5,5,5,5,5,5,5,5,5,5,5,5,5,5,5,5,5,5,5,5,5,5,5,5,5,5,5,5,5,6,6,6,6,6,6,6,6,6,6,6,6,6,6,6,6,6,6,6,6,6,6,6,6,6,6,6,6,6,6,6,2
3,R,R,R,R,R,R,R,R,R,R,R,R,R,R,1,1,1,1,1,1,1,1,1,1,1,1,1,1,1,2,2,2,2,2,2,2,2,2,2,2,2,2,2,2,2,2,2,2,2,2,2,2,2,2,2,2,2,2,2,3,3,3,3,3,3,3,3,3,3,3,3,3,3,3,3,3,3,3,3,3,3,3,3,3,3,3,3,3,3,4,4,4,4,4,4,4,4,4,4,4,4,4,4,4,4,4,4,4,4,4,4,4,4,4,4,4,4,4,4,5,5,5,5,5,5,5,5,5,5,5,5,5,5,5,5,5,5,5,5,5,5,5,5,5,5,5,5,5,5,6,6,6,6,6,6,6,6,6,6,6,6,6,6,6,6,6,6,6,6,6,6,6,6,6,6,6,6,6,6,6,3
4,R,R,R,R,R,R,R,R,R,R,R,R,R,R,1,1,1,1,1,1,1,1,1,1,1,1,1,1,1,2,2,2,2,2,2,2,2,2,2,2,2,2,2,2,2,2,2,2,2,2,2,2,2,2,2,2,2,2,2,3,3,3,3,3,3,3,3,3,3,3,3,3,3,3,3,3,3,3,3,3,3,3,3,3,3,3,3,3,3,4,4,4,4,4,4,4,4,4,4,4,4,4,4,4,4,4,4,4,4,4,4,4,4,4,4,4,4,4,4,5,5,5,5,5,5,5,5,5,5,5,5,5,5,5,5,5,5,5,5,5,5,5,5,5,5,5,5,5,5,6,6,6,6,6,6,6,6,6,6,6,6,6,6,6,6,6,6,6,6,6,6,6,6,6,6,6,6,6,6,6,4
5,R,R,R,R,R,R,R,R,R,R,R,R,R,R,1,1,1,1,1,1,1,1,1,1,1,1,1,1,1,2,2,2,2,2,2,2,2,2,2,2,2,2,2,2,2,2,2,2,2,2,2,2,2,2,2,2,2,2,2,3,3,3,3,3,3,3,3,3,3,3,3,3,3,3,3,3,3,3,3,3,3,3,3,3,3,3,3,3,3,4,4,4,4,4,4,4,4,4,4,4,4,4,4,4,4,4,4,4,4,4,4,4,4,4,4,4,4,4,4,5,5,5,5,5,5,5,5,5,5,5,5,5,5,5,5,5,5,5,5,5,5,5,5,5,5,5,5,5,5,6,6,6,6,6,6,6,6,6,6,6,6,6,6,6,6,6,6,6,6,6,6,6,6,6,6,6,6,6,6,6,5
6,R,R,R,R,R,R,R,R,R,R,R,R,R,R,1,1,1,1,1,1,1,1,1,1,1,1,1,1,1,2,2,2,2,2,2,2,2,2,2,2,2,2,2,2,2,2,2,2,2,2,2,2,2,2,2,2,2,2,2,3,3,3,3,3,3,3,3,3,3,3,3,3,3,3,3,3,3,3,3,3,3,3,3,3,3,3,3,3,3,4,4,4,4,4,4,4,4,4,4,4,4,4,4,4,4,4,4,4,4,4,4,4,4,4,4,4,4,4,4,5,5,5,5,5,5,5,5,5,5,5,5,5,5,5,5,5,5,5,5,5,5,5,5,5,5,5,5,5,5,6,6,6,6,6,6,6,6,6,6,6,6,6,6,6,6,6,6,6,6,6,6,6,6,6,6,6,6,6,6,6,6
7,R,R,R,R,R,R,R,R,R,R,R,R,R,R,1,1,1,1,1,1,1,1,1,1,1,1,1,1,1,2,2,2,2,2,2,2,2,2,2,2,2,2,2,2,2,2,2,2,2,2,2,2,2,2,2,2,2,2,2,3,3,3,3,3,3,3,3,3,3,3,3,3,3,3,3,3,3,3,3,3,3,3,3,3,3,3,3,3,3,4,4,4,4,4,4,4,4,4,4,4,4,4,4,4,4,4,4,4,4,4,4,4,4,4,4,4,4,4,4,5,5,5,5,5,5,5,5,5,5,5,5,5,5,5,5,5,5,5,5,5,5,5,5,5,5,5,5,5,5,6,6,6,6,6,6,6,6,6,6,6,6,6,6,6,6,6,6,6,6,6,6,6,6,6,6,6,6,6,6,6,7
8,R,R,R,R,R,R,R,R,R,R,R,R,R,R,1,1,1,1,1,1,1,1,1,1,1,1,1,1,1,2,2,2,2,2,2,2,2,2,2,2,2,2,2,2,2,2,2,2,2,2,2,2,2,2,2,2,2,2,2,3,3,3,3,3,3,3,3,3,3,3,3,3,3,3,3,3,3,3,3,3,3,3,3,3,3,3,3,3,3,4,4,4,4,4,4,4,4,4,4,4,4,4,4,4,4,4,4,4,4,4,4,4,4,4,4,4,4,4,4,5,5,5,5,5,5,5,5,5,5,5,5,5,5,5,5,5,5,5,5,5,5,5,5,5,5,5,5,5,5,6,6,6,6,6,6,6,6,6,6,6,6,6,6,6,6,6,6,6,6,6,6,6,6,6,6,6,6,6,6,6,8
9,R,R,R,R,R,R,R,R,R,R,R,R,R,R,1,1,1,1,1,1,1,1,1,1,1,1,1,1,1,2,2,2,2,2,2,2,2,2,2,2,2,2,2,2,2,2,2,2,2,2,2,2,2,2,2,2,2,2,2,3,3,3,3,3,3,3,3,3,3,3,3,3,3,3,3,3,3,3,3,3,3,3,3,3,3,3,3,3,3,4,4,4,4,4,4,4,4,4,4,4,4,4,4,4,4,4,4,4,4,4,4,4,4,4,4,4,4,4,4,5,5,5,5,5,5,5,5,5,5,5,5,5,5,5,5,5,5,5,5,5,5,5,5,5,5,5,5,5,5,6,6,6,6,6,6,6,6,6,6,6,6,6,6,6,6,6,6,6,6,6,6,6,6,6,6,6,6,6,6,6,9
10,R,R,R,R,R,R,R,R,R,R,R,R,R,R,1,1,1,1,1,1,1,1,1,1,1,1,1,1,1,2,2,2,2,2,2,2,2,2,2,2,2,2,2,2,2,2,2,2,2,2,2,2,2,2,2,2,2,2,2,3,3,3,3,3,3,3,3,3,3,3,3,3,3,3,3,3,3,3,3,3,3,3,3,3,3,3,3,3,3,4,4,4,4,4,4,4,4,4,4,4,4,4,4,4,4,4,4,4,4,4,4,4,4,4,4,4,4,4,4,5,5,5,5,5,5,5,5,5,5,5,5,5,5,5,5,5,5,5,5,5,5,5,5,5,5,5,5,5,5,6,6,6,6,6,6,6,6,6,6,6,6,6,6,6,6,6,6,6,6,6,6,6,6,6,6,6,6,6,6,6,10
11,R,R,R,R,R,R,R,R,R,R,R,R,R,R,1,1,1,1,1,1,1,1,1,1,1,1,1,1,1,2,2,2,2,2,2,2,2,2,2,2,2,2,2,2,2,2,2,2,2,2,2,2,2,2,2,2,2,2,2,3,3,3,3,3,3,3,3,3,3,3,3,3,3,3,3,3,3,3,3,3,3,3,3,3,3,3,3,3,3,4,4,4,4,4,4,4,4,4,4,4,4,4,4,4,4,4,4,4,4,4,4,4,4,4,4,4,4,4,4,5,5,5,5,5,5,5,5,5,5,5,5,5,5,5,5,5,5,5,5,5,5,5,5,5,5,5,5,5,5,6,6,6,6,6,6,6,6,6,6,6,6,6,6,6,6,6,6,6,6,6,6,6,6,6,6,6,6,6,6,6,11
12,R,R,R,R,R,R,R,R,R,R,R,R,R,R,1,1,1,1,1,1,1,1,1,1,1,1,1,1,1,2,2,2,2,2,2,2,2,2,2,2,2,2,2,2,2,2,2,2,2,2,2,2,2,2,2,2,2,2,2,3,3,3,3,3,3,3,3,3,3,3,3,3,3,3,3,3,3,3,3,3,3,3,3,3,3,3,3,3,3,4,4,4,4,4,4,4,4,4,4,4,4,4,4,4,4,4,4,4,4,4,4,4,4,4,4,4,4,4,4,5,5,5,5,5,5,5,5,5,5,5,5,5,5,5,5,5,5,5,5,5,5,5,5,5,5,5,5,5,5,6,6,6,6,6,6,6,6,6,6,6,6,6,6,6,6,6,6,6,6,6,6,6,6,6,6,6,6,6,6,6,12
13,R,R,R,R,R,R,R,R,R,R,R,R,R,R,1,1,1,1,1,1,1,1,1,1,1,1,1,1,1,2,2,2,2,2,2,2,2,2,2,2,2,2,2,2,2,2,2,2,2,2,2,2,2,2,2,2,2,2,2,3,3,3,3,3,3,3,3,3,3,3,3,3,3,3,3,3,3,3,3,3,3,3,3,3,3,3,3,3,3,4,4,4,4,4,4,4,4,4,4,4,4,4,4,4,4,4,4,4,4,4,4,4,4,4,4,4,4,4,4,5,5,5,5,5,5,5,5,5,5,5,5,5,5,5,5,5,5,5,5,5,5,5,5,5,5,5,5,5,5,6,6,6,6,6,6,6,6,6,6,6,6,6,6,6,6,6,6,6,6,6,6,6,6,6,6,6,6,6,6,6,13
14,R,R,R,R,R,R,R,R,R,R,R,R,R,R,1,1,1,1,1,1,1,1,1,1,1,1,1,1,1,2,2,2,2,2,2,2,2,2,2,2,2,2,2,2,2,2,2,2,2,2,2,2,2,2,2,2,2,2,2,3,3,3,3,3,3,3,3,3,3,3,3,3,3,3,3,3,3,3,3,3,3,3,3,3,3,3,3,3,3,4,4,4,4,4,4,4,4,4,4,4,4,4,4,4,4,4,4,4,4,4,4,4,4,4,4,4,4,4,4,5,5,5,5,5,5,5,5,5,5,5,5,5,5,5,5,5,5,5,5,5,5,5,5,5,5,5,5,5,5,6,6,6,6,6,6,6,6,6,6,6,6,6,6,6,6,6,6,6,6,6,6,6,6,6,6,6,6,6,6,6,14
15,1,1,1,1,1,1,1,1,1,1,1,1,1,1,1,1,1,1,1,1,1,1,1,1,1,1,1,1,1,2,2,2,2,2,2,2,2,2,2,2,2,2,2,2,2,2,2,2,2,2,2,2,2,2,2,2,2,2,2,3,3,3,3,3,3,3,3,3,3,3,3,3,3,3,3,3,3,3,3,3,3,3,3,3,3,3,3,3,3,4,4,4,4,4,4,4,4,4,4,4,4,4,4,4,4,4,4,4,4,4,4,4,4,4,4,4,4,4,4,5,5,5,5,5,5,5,5,5,5,5,5,5,5,5,5,5,5,5,5,5,5,5,5,5,5,5,5,5,5,6,6,6,6,6,6,6,6,6,6,6,6,6,6,6,6,6,6,6,6,6,6,6,6,6,6,6,6,6,6,6,15
16,1,1,1,1,1,1,1,1,1,1,1,1,1,1,1,1,1,1,1,1,1,1,1,1,1,1,1,1,1,2,2,2,2,2,2,2,2,2,2,2,2,2,2,2,2,2,2,2,2,2,2,2,2,2,2,2,2,2,2,3,3,3,3,3,3,3,3,3,3,3,3,3,3,3,3,3,3,3,3,3,3,3,3,3,3,3,3,3,3,4,4,4,4,4,4,4,4,4,4,4,4,4,4,4,4,4,4,4,4,4,4,4,4,4,4,4,4,4,4,5,5,5,5,5,5,5,5,5,5,5,5,5,5,5,5,5,5,5,5,5,5,5,5,5,5,5,5,5,5,6,6,6,6,6,6,6,6,6,6,6,6,6,6,6,6,6,6,6,6,6,6,6,6,6,6,6,6,6,6,6,16
17,1,1,1,1,1,1,1,1,1,1,1,1,1,1,1,1,1,1,1,1,1,1,1,1,1,1,1,1,1,2,2,2,2,2,2,2,2,2,2,2,2,2,2,2,2,2,2,2,2,2,2,2,2,2,2,2,2,2,2,3,3,3,3,3,3,3,3,3,3,3,3,3,3,3,3,3,3,3,3,3,3,3,3,3,3,3,3,3,3,4,4,4,4,4,4,4,4,4,4,4,4,4,4,4,4,4,4,4,4,4,4,4,4,4,4,4,4,4,4,5,5,5,5,5,5,5,5,5,5,5,5,5,5,5,5,5,5,5,5,5,5,5,5,5,5,5,5,5,5,6,6,6,6,6,6,6,6,6,6,6,6,6,6,6,6,6,6,6,6,6,6,6,6,6,6,6,6,6,6,6,17
18,1,1,1,1,1,1,1,1,1,1,1,1,1,1,1,1,1,1,1,1,1,1,1,1,1,1,1,1,1,2,2,2,2,2,2,2,2,2,2,2,2,2,2,2,2,2,2,2,2,2,2,2,2,2,2,2,2,2,2,3,3,3,3,3,3,3,3,3,3,3,3,3,3,3,3,3,3,3,3,3,3,3,3,3,3,3,3,3,3,4,4,4,4,4,4,4,4,4,4,4,4,4,4,4,4,4,4,4,4,4,4,4,4,4,4,4,4,4,4,5,5,5,5,5,5,5,5,5,5,5,5,5,5,5,5,5,5,5,5,5,5,5,5,5,5,5,5,5,5,6,6,6,6,6,6,6,6,6,6,6,6,6,6,6,6,6,6,6,6,6,6,6,6,6,6,6,6,6,6,6,18
19,1,1,1,1,1,1,1,1,1,1,1,1,1,1,1,1,1,1,1,1,1,1,1,1,1,1,1,1,1,2,2,2,2,2,2,2,2,2,2,2,2,2,2,2,2,2,2,2,2,2,2,2,2,2,2,2,2,2,2,3,3,3,3,3,3,3,3,3,3,3,3,3,3,3,3,3,3,3,3,3,3,3,3,3,3,3,3,3,3,4,4,4,4,4,4,4,4,4,4,4,4,4,4,4,4,4,4,4,4,4,4,4,4,4,4,4,4,4,4,5,5,5,5,5,5,5,5,5,5,5,5,5,5,5,5,5,5,5,5,5,5,5,5,5,5,5,5,5,5,6,6,6,6,6,6,6,6,6,6,6,6,6,6,6,6,6,6,6,6,6,6,6,6,6,6,6,6,6,6,6,19
20,1,1,1,1,1,1,1,1,1,1,1,1,1,1,1,1,1,1,1,1,1,1,1,1,1,1,1,1,1,2,2,2,2,2,2,2,2,2,2,2,2,2,2,2,2,2,2,2,2,2,2,2,2,2,2,2,2,2,2,3,3,3,3,3,3,3,3,3,3,3,3,3,3,3,3,3,3,3,3,3,3,3,3,3,3,3,3,3,3,4,4,4,4,4,4,4,4,4,4,4,4,4,4,4,4,4,4,4,4,4,4,4,4,4,4,4,4,4,4,5,5,5,5,5,5,5,5,5,5,5,5,5,5,5,5,5,5,5,5,5,5,5,5,5,5,5,5,5,5,6,6,6,6,6,6,6,6,6,6,6,6,6,6,6,6,6,6,6,6,6,6,6,6,6,6,6,6,6,6,6,20
21,1,1,1,1,1,1,1,1,1,1,1,1,1,1,1,1,1,1,1,1,1,1,1,1,1,1,1,1,1,2,2,2,2,2,2,2,2,2,2,2,2,2,2,2,2,2,2,2,2,2,2,2,2,2,2,2,2,2,2,3,3,3,3,3,3,3,3,3,3,3,3,3,3,3,3,3,3,3,3,3,3,3,3,3,3,3,3,3,3,4,4,4,4,4,4,4,4,4,4,4,4,4,4,4,4,4,4,4,4,4,4,4,4,4,4,4,4,4,4,5,5,5,5,5,5,5,5,5,5,5,5,5,5,5,5,5,5,5,5,5,5,5,5,5,5,5,5,5,5,6,6,6,6,6,6,6,6,6,6,6,6,6,6,6,6,6,6,6,6,6,6,6,6,6,6,6,6,6,6,6,21
22,1,1,1,1,1,1,1,1,1,1,1,1,1,1,1,1,1,1,1,1,1,1,1,1,1,1,1,1,1,2,2,2,2,2,2,2,2,2,2,2,2,2,2,2,2,2,2,2,2,2,2,2,2,2,2,2,2,2,2,3,3,3,3,3,3,3,3,3,3,3,3,3,3,3,3,3,3,3,3,3,3,3,3,3,3,3,3,3,3,4,4,4,4,4,4,4,4,4,4,4,4,4,4,4,4,4,4,4,4,4,4,4,4,4,4,4,4,4,4,5,5,5,5,5,5,5,5,5,5,5,5,5,5,5,5,5,5,5,5,5,5,5,5,5,5,5,5,5,5,6,6,6,6,6,6,6,6,6,6,6,6,6,6,6,6,6,6,6,6,6,6,6,6,6,6,6,6,6,6,6,22
23,1,1,1,1,1,1,1,1,1,1,1,1,1,1,1,1,1,1,1,1,1,1,1,1,1,1,1,1,1,2,2,2,2,2,2,2,2,2,2,2,2,2,2,2,2,2,2,2,2,2,2,2,2,2,2,2,2,2,2,3,3,3,3,3,3,3,3,3,3,3,3,3,3,3,3,3,3,3,3,3,3,3,3,3,3,3,3,3,3,4,4,4,4,4,4,4,4,4,4,4,4,4,4,4,4,4,4,4,4,4,4,4,4,4,4,4,4,4,4,5,5,5,5,5,5,5,5,5,5,5,5,5,5,5,5,5,5,5,5,5,5,5,5,5,5,5,5,5,5,6,6,6,6,6,6,6,6,6,6,6,6,6,6,6,6,6,6,6,6,6,6,6,6,6,6,6,6,6,6,6,23
24,1,1,1,1,1,1,1,1,1,1,1,1,1,1,1,1,1,1,1,1,1,1,1,1,1,1,1,1,1,2,2,2,2,2,2,2,2,2,2,2,2,2,2,2,2,2,2,2,2,2,2,2,2,2,2,2,2,2,2,3,3,3,3,3,3,3,3,3,3,3,3,3,3,3,3,3,3,3,3,3,3,3,3,3,3,3,3,3,3,4,4,4,4,4,4,4,4,4,4,4,4,4,4,4,4,4,4,4,4,4,4,4,4,4,4,4,4,4,4,5,5,5,5,5,5,5,5,5,5,5,5,5,5,5,5,5,5,5,5,5,5,5,5,5,5,5,5,5,5,6,6,6,6,6,6,6,6,6,6,6,6,6,6,6,6,6,6,6,6,6,6,6,6,6,6,6,6,6,6,6,24
25,1,1,1,1,1,1,1,1,1,1,1,1,1,1,1,1,1,1,1,1,1,1,1,1,1,1,1,1,1,2,2,2,2,2,2,2,2,2,2,2,2,2,2,2,2,2,2,2,2,2,2,2,2,2,2,2,2,2,2,3,3,3,3,3,3,3,3,3,3,3,3,3,3,3,3,3,3,3,3,3,3,3,3,3,3,3,3,3,3,4,4,4,4,4,4,4,4,4,4,4,4,4,4,4,4,4,4,4,4,4,4,4,4,4,4,4,4,4,4,5,5,5,5,5,5,5,5,5,5,5,5,5,5,5,5,5,5,5,5,5,5,5,5,5,5,5,5,5,5,6,6,6,6,6,6,6,6,6,6,6,6,6,6,6,6,6,6,6,6,6,6,6,6,6,6,6,6,6,6,6,25
26,1,1,1,1,1,1,1,1,1,1,1,1,1,1,1,1,1,1,1,1,1,1,1,1,1,1,1,1,1,2,2,2,2,2,2,2,2,2,2,2,2,2,2,2,2,2,2,2,2,2,2,2,2,2,2,2,2,2,2,3,3,3,3,3,3,3,3,3,3,3,3,3,3,3,3,3,3,3,3,3,3,3,3,3,3,3,3,3,3,4,4,4,4,4,4,4,4,4,4,4,4,4,4,4,4,4,4,4,4,4,4,4,4,4,4,4,4,4,4,5,5,5,5,5,5,5,5,5,5,5,5,5,5,5,5,5,5,5,5,5,5,5,5,5,5,5,5,5,5,6,6,6,6,6,6,6,6,6,6,6,6,6,6,6,6,6,6,6,6,6,6,6,6,6,6,6,6,6,6,6,26
27,1,1,1,1,1,1,1,1,1,1,1,1,1,1,1,1,1,1,1,1,1,1,1,1,1,1,1,1,1,2,2,2,2,2,2,2,2,2,2,2,2,2,2,2,2,2,2,2,2,2,2,2,2,2,2,2,2,2,2,3,3,3,3,3,3,3,3,3,3,3,3,3,3,3,3,3,3,3,3,3,3,3,3,3,3,3,3,3,3,4,4,4,4,4,4,4,4,4,4,4,4,4,4,4,4,4,4,4,4,4,4,4,4,4,4,4,4,4,4,5,5,5,5,5,5,5,5,5,5,5,5,5,5,5,5,5,5,5,5,5,5,5,5,5,5,5,5,5,5,6,6,6,6,6,6,6,6,6,6,6,6,6,6,6,6,6,6,6,6,6,6,6,6,6,6,6,6,6,6,6,27
28,1,1,1,1,1,1,1,1,1,1,1,1,1,1,1,1,1,1,1,1,1,1,1,1,1,1,1,1,1,2,2,2,2,2,2,2,2,2,2,2,2,2,2,2,2,2,2,2,2,2,2,2,2,2,2,2,2,2,2,3,3,3,3,3,3,3,3,3,3,3,3,3,3,3,3,3,3,3,3,3,3,3,3,3,3,3,3,3,3,4,4,4,4,4,4,4,4,4,4,4,4,4,4,4,4,4,4,4,4,4,4,4,4,4,4,4,4,4,4,5,5,5,5,5,5,5,5,5,5,5,5,5,5,5,5,5,5,5,5,5,5,5,5,5,5,5,5,5,5,6,6,6,6,6,6,6,6,6,6,6,6,6,6,6,6,6,6,6,6,6,6,6,6,6,6,6,6,6,6,6,28
29,1,1,1,1,1,1,1,1,1,1,1,1,1,1,1,1,1,1,1,1,1,1,1,1,1,1,1,1,1,2,2,2,2,2,2,2,2,2,2,2,2,2,2,2,2,2,2,2,2,2,2,2,2,2,2,2,2,2,2,3,3,3,3,3,3,3,3,3,3,3,3,3,3,3,3,3,3,3,3,3,3,3,3,3,3,3,3,3,3,4,4,4,4,4,4,4,4,4,4,4,4,4,4,4,4,4,4,4,4,4,4,4,4,4,4,4,4,4,4,5,5,5,5,5,5,5,5,5,5,5,5,5,5,5,5,5,5,5,5,5,5,5,5,5,5,5,5,5,5,6,6,6,6,6,6,6,6,6,6,6,6,6,6,6,6,6,6,6,6,6,6,6,6,6,6,6,6,6,6,6,29
30,2,2,2,2,2,2,2,2,2,2,2,2,2,2,2,2,2,2,2,2,2,2,2,2,2,2,2,2,2,2,2,2,2,2,2,2,2,2,2,2,2,2,2,2,2,2,2,2,2,2,2,2,2,2,2,2,2,2,3,3,3,3,3,3,3,3,3,3,3,3,3,3,3,3,3,3,3,3,3,3,3,3,3,3,3,3,3,3,4,4,4,4,4,4,4,4,4,4,4,4,4,4,4,4,4,4,4,4,4,4,4,4,4,4,4,4,5,5,5,5,5,5,5,5,5,5,5,5,5,5,5,5,5,5,5,5,5,5,5,5,5,5,5,5,5,5,5,5,5,6,6,6,6,6,6,6,6,6,6,6,6,6,6,6,6,6,6,6,6,6,6,6,6,6,6,6,6,6,6,6,30
31,2,2,2,2,2,2,2,2,2,2,2,2,2,2,2,2,2,2,2,2,2,2,2,2,2,2,2,2,2,2,2,2,2,2,2,2,2,2,2,2,2,2,2,2,2,2,2,2,2,2,2,2,2,2,2,2,3,3,3,3,3,3,3,3,3,3,3,3,3,3,3,3,3,3,3,3,3,3,3,3,3,3,3,3,3,3,4,4,4,4,4,4,4,4,4,4,4,4,4,4,4,4,4,4,4,4,4,4,4,4,4,4,5,5,5,5,5,5,5,5,5,5,5,5,5,5,5,5,5,5,5,5,5,5,5,5,5,5,5,5,6,6,6,6,6,6,6,6,6,6,6,6,6,6,6,6,7,7,7,7,7,7,7,7,7,7,7,7,7,7,7,7,7,7,7,7,7,7,7,7,31
32,2,2,2,2,2,2,2,2,2,2,2,2,2,2,2,2,2,2,2,2,2,2,2,2,2,2,2,2,2,2,2,2,2,2,2,2,2,2,2,2,2,2,2,2,2,2,2,2,2,2,2,2,2,3,3,3,3,3,3,3,3,3,3,3,3,3,3,3,3,3,3,3,3,3,3,3,3,3,3,3,3,3,4,4,4,4,4,4,4,4,4,4,4,4,4,4,4,4,4,4,4,4,4,4,4,4,4,4,5,5,5,5,5,5,5,5,5,5,5,5,5,5,5,5,5,5,5,5,5,5,5,6,6,6,6,6,6,6,6,6,6,6,6,6,6,6,6,6,6,6,6,6,7,7,7,7,7,7,7,7,7,7,7,7,7,7,7,7,7,7,7,7,7,7,7,7,7,7,7,7,32
33,2,2,2,2,2,2,2,2,2,2,2,2,2,2,2,2,2,2,2,2,2,2,2,2,2,2,2,2,2,2,2,2,2,2,2,2,2,2,2,2,2,2,2,2,2,2,2,2,2,2,2,2,3,3,3,3,3,3,3,3,3,3,3,3,3,3,3,3,3,3,3,3,3,3,3,3,3,3,3,4,4,4,4,4,4,4,4,4,4,4,4,4,4,4,4,4,4,4,4,4,4,4,4,4,4,5,5,5,5,5,5,5,5,5,5,5,5,5,5,5,5,5,5,5,5,5,5,6,6,6,6,6,6,6,6,6,6,6,6,6,6,6,6,6,6,6,6,7,7,7,7,7,7,7,7,7,7,7,7,7,7,7,7,7,7,7,7,7,7,7,7,7,7,7,7,7,7,7,7,7,33
34,2,2,2,2,2,2,2,2,2,2,2,2,2,2,2,2,2,2,2,2,2,2,2,2,2,2,2,2,2,2,2,2,2,2,2,2,2,2,2,2,2,2,2,2,2,2,2,2,2,2,2,3,3,3,3,3,3,3,3,3,3,3,3,3,3,3,3,3,3,3,3,3,3,3,3,3,3,4,4,4,4,4,4,4,4,4,4,4,4,4,4,4,4,4,4,4,4,4,4,4,4,4,5,5,5,5,5,5,5,5,5,5,5,5,5,5,5,5,5,5,5,5,5,5,6,6,6,6,6,6,6,6,6,6,6,6,6,6,6,6,6,6,6,7,7,7,7,7,7,7,7,7,7,7,7,7,7,7,7,7,7,7,7,7,7,7,7,7,7,7,7,7,7,7,7,7,7,7,7,7,34
35,2,2,2,2,2,2,2,2,2,2,2,2,2,2,2,2,2,2,2,2,2,2,2,2,2,2,2,2,2,2,2,2,2,2,2,2,2,2,2,2,2,2,2,2,2,2,2,2,2,2,3,3,3,3,3,3,3,3,3,3,3,3,3,3,3,3,3,3,3,3,3,3,3,3,3,4,4,4,4,4,4,4,4,4,4,4,4,4,4,4,4,4,4,4,4,4,4,4,4,4,5,5,5,5,5,5,5,5,5,5,5,5,5,5,5,5,5,5,5,5,5,6,6,6,6,6,6,6,6,6,6,6,6,6,6,6,6,6,7,7,7,7,7,7,7,7,7,7,7,7,7,7,7,7,7,7,7,7,7,7,7,7,7,7,7,7,7,7,7,7,7,7,7,7,7,7,7,7,7,7,35
36,2,2,2,2,2,2,2,2,2,2,2,2,2,2,2,2,2,2,2,2,2,2,2,2,2,2,2,2,2,2,2,2,2,2,2,2,2,2,2,2,2,2,2,2,2,2,2,2,3,3,3,3,3,3,3,3,3,3,3,3,3,3,3,3,3,3,3,3,3,3,3,3,3,4,4,4,4,4,4,4,4,4,4,4,4,4,4,4,4,4,4,4,4,4,4,4,4,4,5,5,5,5,5,5,5,5,5,5,5,5,5,5,5,5,5,5,5,5,6,6,6,6,6,6,6,6,6,6,6,6,6,6,6,6,6,7,7,7,7,7,7,7,7,7,7,7,7,7,7,7,7,7,7,7,7,7,7,7,7,7,7,7,7,7,7,7,7,7,7,7,7,7,7,7,7,7,7,7,7,7,36
37,2,2,2,2,2,2,2,2,2,2,2,2,2,2,2,2,2,2,2,2,2,2,2,2,2,2,2,2,2,2,2,2,2,2,2,2,2,2,2,2,2,2,2,2,2,2,2,3,3,3,3,3,3,3,3,3,3,3,3,3,3,3,3,3,3,3,3,3,3,3,3,4,4,4,4,4,4,4,4,4,4,4,4,4,4,4,4,4,4,4,4,4,4,4,4,5,5,5,5,5,5,5,5,5,5,5,5,5,5,5,5,5,5,5,5,6,6,6,6,6,6,6,6,6,6,6,6,6,6,6,6,7,7,7,7,7,7,7,7,7,7,7,7,7,7,7,7,7,7,7,7,7,7,7,7,7,7,7,7,7,7,7,7,7,7,7,7,7,7,7,7,8,8,8,8,8,8,8,8,8,37
38,2,2,2,2,2,2,2,2,2,2,2,2,2,2,2,2,2,2,2,2,2,2,2,2,2,2,2,2,2,2,2,2,2,2,2,2,2,2,2,2,2,2,2,2,2,2,3,3,3,3,3,3,3,3,3,3,3,3,3,3,3,3,3,3,3,3,3,3,4,4,4,4,4,4,4,4,4,4,4,4,4,4,4,4,4,4,4,4,4,4,4,4,5,5,5,5,5,5,5,5,5,5,5,5,5,5,5,5,5,5,5,5,6,6,6,6,6,6,6,6,6,6,6,6,6,6,6,7,7,7,7,7,7,7,7,7,7,7,7,7,7,7,7,7,7,7,7,7,7,7,7,7,7,7,7,7,7,7,7,7,7,7,8,8,8,8,8,8,8,8,8,8,8,8,8,8,8,8,8,8,38
39,2,2,2,2,2,2,2,2,2,2,2,2,2,2,2,2,2,2,2,2,2,2,2,2,2,2,2,2,2,2,2,2,2,2,2,2,2,2,2,2,2,2,2,2,2,3,3,3,3,3,3,3,3,3,3,3,3,3,3,3,3,3,3,3,3,3,3,4,4,4,4,4,4,4,4,4,4,4,4,4,4,4,4,4,4,4,4,4,4,4,4,5,5,5,5,5,5,5,5,5,5,5,5,5,5,5,5,5,5,6,6,6,6,6,6,6,6,6,6,6,6,6,6,6,7,7,7,7,7,7,7,7,7,7,7,7,7,7,7,7,7,7,7,7,7,7,7,7,7,7,7,7,7,7,7,7,7,7,8,8,8,8,8,8,8,8,8,8,8,8,8,8,8,8,8,8,8,8,8,8,39
40,2,2,2,2,2,2,2,2,2,2,2,2,2,2,2,2,2,2,2,2,2,2,2,2,2,2,2,2,2,2,2,2,2,2,2,2,2,2,2,2,2,2,2,2,3,3,3,3,3,3,3,3,3,3,3,3,3,3,3,3,3,3,3,3,3,3,4,4,4,4,4,4,4,4,4,4,4,4,4,4,4,4,4,4,4,4,4,4,5,5,5,5,5,5,5,5,5,5,5,5,5,5,5,5,5,5,5,6,6,6,6,6,6,6,6,6,6,6,6,6,6,6,7,7,7,7,7,7,7,7,7,7,7,7,7,7,7,7,7,7,7,7,7,7,7,7,7,7,7,7,7,8,8,8,8,8,8,8,8,8,8,8,8,8,8,8,8,8,8,8,8,8,8,8,8,8,8,8,8,8,40
41,2,2,2,2,2,2,2,2,2,2,2,2,2,2,2,2,2,2,2,2,2,2,2,2,2,2,2,2,2,2,2,2,2,2,2,2,2,2,2,2,2,2,2,3,3,3,3,3,3,3,3,3,3,3,3,3,3,3,3,3,3,3,3,3,4,4,4,4,4,4,4,4,4,4,4,4,4,4,4,4,4,4,4,4,4,4,5,5,5,5,5,5,5,5,5,5,5,5,5,5,5,5,5,5,5,6,6,6,6,6,6,6,6,6,6,6,6,6,6,6,7,7,7,7,7,7,7,7,7,7,7,7,7,7,7,7,7,7,7,7,7,7,7,7,7,7,8,8,8,8,8,8,8,8,8,8,8,8,8,8,8,8,8,8,8,8,8,8,8,8,8,8,8,8,8,9,9,9,9,9,41
42,2,2,2,2,2,2,2,2,2,2,2,2,2,2,2,2,2,2,2,2,2,2,2,2,2,2,2,2,2,2,2,2,2,2,2,2,2,2,2,2,2,2,3,3,3,3,3,3,3,3,3,3,3,3,3,3,3,3,3,3,3,3,4,4,4,4,4,4,4,4,4,4,4,4,4,4,4,4,4,4,4,4,4,4,5,5,5,5,5,5,5,5,5,5,5,5,5,5,5,5,5,6,6,6,6,6,6,6,6,6,6,6,6,6,6,6,7,7,7,7,7,7,7,7,7,7,7,7,7,7,7,7,7,7,7,7,7,7,7,7,7,7,8,8,8,8,8,8,8,8,8,8,8,8,8,8,8,8,8,8,8,8,8,8,8,8,9,9,9,9,9,9,9,9,9,9,9,9,9,9,42
43,2,2,2,2,2,2,2,2,2,2,2,2,2,2,2,2,2,2,2,2,2,2,2,2,2,2,2,2,2,2,2,2,2,2,2,2,2,2,2,2,2,3,3,3,3,3,3,3,3,3,3,3,3,3,3,3,3,3,3,3,3,4,4,4,4,4,4,4,4,4,4,4,4,4,4,4,4,4,4,4,4,4,5,5,5,5,5,5,5,5,5,5,5,5,5,5,5,5,6,6,6,6,6,6,6,6,6,6,6,6,6,6,6,6,7,7,7,7,7,7,7,7,7,7,7,7,7,7,7,7,7,7,7,7,7,7,7,8,8,8,8,8,8,8,8,8,8,8,8,8,8,8,8,8,8,8,8,8,8,8,9,9,9,9,9,9,9,9,9,9,9,9,9,9,9,9,9,9,9,9,43
44,2,2,2,2,2,2,2,2,2,2,2,2,2,2,2,2,2,2,2,2,2,2,2,2,2,2,2,2,2,2,2,2,2,2,2,2,2,2,2,2,3,3,3,3,3,3,3,3,3,3,3,3,3,3,3,3,3,3,3,3,4,4,4,4,4,4,4,4,4,4,4,4,4,4,4,4,4,4,4,4,4,5,5,5,5,5,5,5,5,5,5,5,5,5,5,5,5,6,6,6,6,6,6,6,6,6,6,6,6,6,6,6,6,7,7,7,7,7,7,7,7,7,7,7,7,7,7,7,7,7,7,7,7,7,8,8,8,8,8,8,8,8,8,8,8,8,8,8,8,8,8,8,8,8,8,8,8,8,9,9,9,9,9,9,9,9,9,9,9,9,9,9,9,9,9,9,9,9,9,9,44
45,2,2,2,2,2,2,2,2,2,2,2,2,2,2,2,2,2,2,2,2,2,2,2,2,2,2,2,2,2,2,2,2,2,2,2,2,2,2,2,3,3,3,3,3,3,3,3,3,3,3,3,3,3,3,3,3,3,3,3,4,4,4,4,4,4,4,4,4,4,4,4,4,4,4,4,4,4,4,4,4,5,5,5,5,5,5,5,5,5,5,5,5,5,5,5,5,6,6,6,6,6,6,6,6,6,6,6,6,6,6,6,7,7,7,7,7,7,7,7,7,7,7,7,7,7,7,7,7,7,7,7,7,8,8,8,8,8,8,8,8,8,8,8,8,8,8,8,8,8,8,8,8,8,8,8,8,9,9,9,9,9,9,9,9,9,9,9,9,9,9,9,9,9,9,9,9,9,9,9,9,45
46,2,2,2,2,2,2,2,2,2,2,2,2,2,2,2,2,2,2,2,2,2,2,2,2,2,2,2,2,2,2,2,2,2,2,2,2,2,2,3,3,3,3,3,3,3,3,3,3,3,3,3,3,3,3,3,3,3,3,4,4,4,4,4,4,4,4,4,4,4,4,4,4,4,4,4,4,4,4,5,5,5,5,5,5,5,5,5,5,5,5,5,5,5,5,6,6,6,6,6,6,6,6,6,6,6,6,6,6,6,7,7,7,7,7,7,7,7,7,7,7,7,7,7,7,7,7,7,7,7,8,8,8,8,8,8,8,8,8,8,8,8,8,8,8,8,8,8,8,8,8,8,9,9,9,9,9,9,9,9,9,9,9,9,9,9,9,9,9,9,9,9,9,9,9,9,9,9,9,9,9,46
47,2,2,2,2,2,2,2,2,2,2,2,2,2,2,2,2,2,2,2,2,2,2,2,2,2,2,2,2,2,2,2,2,2,2,2,2,2,3,3,3,3,3,3,3,3,3,3,3,3,3,3,3,3,3,3,3,3,4,4,4,4,4,4,4,4,4,4,4,4,4,4,4,4,4,4,4,5,5,5,5,5,5,5,5,5,5,5,5,5,5,5,6,6,6,6,6,6,6,6,6,6,6,6,6,6,6,7,7,7,7,7,7,7,7,7,7,7,7,7,7,7,7,7,7,7,7,8,8,8,8,8,8,8,8,8,8,8,8,8,8,8,8,8,8,8,8,9,9,9,9,9,9,9,9,9,9,9,9,9,9,9,9,9,9,9,9,9,9,9,9,9,9,9,9,9,9,9,9,10+,10+,47
48,2,2,2,2,2,2,2,2,2,2,2,2,2,2,2,2,2,2,2,2,2,2,2,2,2,2,2,2,2,2,2,2,2,2,2,2,3,3,3,3,3,3,3,3,3,3,3,3,3,3,3,3,3,3,3,3,4,4,4,4,4,4,4,4,4,4,4,4,4,4,4,4,4,4,4,5,5,5,5,5,5,5,5,5,5,5,5,5,5,5,6,6,6,6,6,6,6,6,6,6,6,6,6,6,7,7,7,7,7,7,7,7,7,7,7,7,7,7,7,7,7,7,7,8,8,8,8,8,8,8,8,8,8,8,8,8,8,8,8,8,8,8,8,9,9,9,9,9,9,9,9,9,9,9,9,9,9,9,9,9,9,9,9,9,9,9,9,9,9,9,10+,10+,10+,10+,10+,10+,10+,10+,10+,10+,48
49,2,2,2,2,2,2,2,2,2,2,2,2,2,2,2,2,2,2,2,2,2,2,2,2,2,2,2,2,2,2,2,2,2,2,2,3,3,3,3,3,3,3,3,3,3,3,3,3,3,3,3,3,3,3,4,4,4,4,4,4,4,4,4,4,4,4,4,4,4,4,4,4,4,4,5,5,5,5,5,5,5,5,5,5,5,5,5,5,5,6,6,6,6,6,6,6,6,6,6,6,6,6,6,7,7,7,7,7,7,7,7,7,7,7,7,7,7,7,7,7,7,7,8,8,8,8,8,8,8,8,8,8,8,8,8,8,8,8,8,8,9,9,9,9,9,9,9,9,9,9,9,9,9,9,9,9,9,9,9,9,9,9,9,9,10+,10+,10+,10+,10+,10+,10+,10+,10+,10+,10+,10+,10+,10+,10+,10+,49
50,2,2,2,2,2,2,2,2,2,2,2,2,2,2,2,2,2,2,2,2,2,2,2,2,2,2,2,2,2,2,2,2,2,2,2,3,3,3,3,3,3,3,3,3,3,3,3,3,3,3,3,3,3,4,4,4,4,4,4,4,4,4,4,4,4,4,4,4,4,4,4,5,5,5,5,5,5,5,5,5,5,5,5,5,5,5,5,6,6,6,6,6,6,6,6,6,6,6,6,6,6,7,7,7,7,7,7,7,7,7,7,7,7,7,7,7,7,7,7,7,7,8,8,8,8,8,8,8,8,8,8,8,8,8,8,8,8,8,9,9,9,9,9,9,9,9,9,9,9,9,9,9,9,9,9,9,9,9,9,9,9,10+,10+,10+,10+,10+,10+,10+,10+,10+,10+,10+,10+,10+,10+,10+,10+,10+,10+,10+,50
51,2,2,2,2,2,2,2,2,2,2,2,2,2,2,2,2,2,2,2,2,2,2,2,2,2,2,2,2,2,2,2,2,2,2,3,3,3,3,3,3,3,3,3,3,3,3,3,3,3,3,3,3,4,4,4,4,4,4,4,4,4,4,4,4,4,4,4,4,4,4,5,5,5,5,5,5,5,5,5,5,5,5,5,5,5,6,6,6,6,6,6,6,6,6,6,6,6,6,6,7,7,7,7,7,7,7,7,7,7,7,7,7,7,7,7,7,7,7,8,8,8,8,8,8,8,8,8,8,8,8,8,8,8,8,8,8,9,9,9,9,9,9,9,9,9,9,9,9,9,9,9,9,9,9,9,9,9,9,10+,10+,10+,10+,10+,10+,10+,10+,10+,10+,10+,10+,10+,10+,10+,10+,10+,10+,10+,10+,10+,10+,51
52,2,2,2,2,2,2,2,2,2,2,2,2,2,2,2,2,2,2,2,2,2,2,2,2,2,2,2,2,2,2,2,2,2,3,3,3,3,3,3,3,3,3,3,3,3,3,3,3,3,3,3,4,4,4,4,4,4,4,4,4,4,4,4,4,4,4,4,4,4,5,5,5,5,5,5,5,5,5,5,5,5,5,5,6,6,6,6,6,6,6,6,6,6,6,6,6,6,6,7,7,7,7,7,7,7,7,7,7,7,7,7,7,7,7,7,7,8,8,8,8,8,8,8,8,8,8,8,8,8,8,8,8,8,9,9,9,9,9,9,9,9,9,9,9,9,9,9,9,9,9,9,9,9,9,9,10+,10+,10+,10+,10+,10+,10+,10+,10+,10+,10+,10+,10+,10+,10+,10+,10+,10+,10+,10+,10+,10+,10+,10+,10+,52
53,2,2,2,2,2,2,2,2,2,2,2,2,2,2,2,2,2,2,2,2,2,2,2,2,2,2,2,2,2,2,2,2,3,3,3,3,3,3,3,3,3,3,3,3,3,3,3,3,3,3,4,4,4,4,4,4,4,4,4,4,4,4,4,4,4,4,4,4,5,5,5,5,5,5,5,5,5,5,5,5,5,5,6,6,6,6,6,6,6,6,6,6,6,6,6,6,7,7,7,7,7,7,7,7,7,7,7,7,7,7,7,7,8,8,8,8,8,8,8,8,8,8,8,8,8,8,8,8,8,8,9,9,9,9,9,9,9,9,9,9,9,9,9,9,9,9,9,9,9,9,9,10+,10+,10+,10+,10+,10+,10+,10+,10+,10+,10+,10+,10+,10+,10+,10+,10+,10+,10+,10+,10+,10+,10+,10+,10+,10+,10+,10+,10+,53
54,2,2,2,2,2,2,2,2,2,2,2,2,2,2,2,2,2,2,2,2,2,2,2,2,2,2,2,2,2,2,2,3,3,3,3,3,3,3,3,3,3,3,3,3,3,3,3,3,3,4,4,4,4,4,4,4,4,4,4,4,4,4,4,4,4,4,4,5,5,5,5,5,5,5,5,5,5,5,5,5,5,6,6,6,6,6,6,6,6,6,6,6,6,6,6,7,7,7,7,7,7,7,7,7,7,7,7,7,7,7,7,8,8,8,8,8,8,8,8,8,8,8,8,8,8,8,8,8,8,9,9,9,9,9,9,9,9,9,9,9,9,9,9,9,9,9,9,9,10+,10+,10+,10+,10+,10+,10+,10+,10+,10+,10+,10+,10+,10+,10+,10+,10+,10+,10+,10+,10+,10+,10+,10+,10+,10+,10+,10+,10+,10+,10+,10+,54
55,2,2,2,2,2,2,2,2,2,2,2,2,2,2,2,2,2,2,2,2,2,2,2,2,2,2,2,2,2,2,2,3,3,3,3,3,3,3,3,3,3,3,3,3,3,3,3,3,4,4,4,4,4,4,4,4,4,4,4,4,4,4,4,4,4,4,5,5,5,5,5,5,5,5,5,5,5,5,5,5,6,6,6,6,6,6,6,6,6,6,6,6,6,6,7,7,7,7,7,7,7,7,7,7,7,7,7,7,7,7,8,8,8,8,8,8,8,8,8,8,8,8,8,8,8,8,8,8,9,9,9,9,9,9,9,9,9,9,9,9,9,9,9,9,9,9,9,10+,10+,10+,10+,10+,10+,10+,10+,10+,10+,10+,10+,10+,10+,10+,10+,10+,10+,10+,10+,10+,10+,10+,10+,10+,10+,10+,10+,10+,10+,10+,10+,10+,55
56,2,2,2,2,2,2,2,2,2,2,2,2,2,2,2,2,2,2,2,2,2,2,2,2,2,2,2,2,2,2,2,3,3,3,3,3,3,3,3,3,3,3,3,3,3,3,3,3,4,4,4,4,4,4,4,4,4,4,4,4,4,4,4,4,4,5,5,5,5,5,5,5,5,5,5,5,5,5,5,6,6,6,6,6,6,6,6,6,6,6,6,6,6,7,7,7,7,7,7,7,7,7,7,7,7,7,7,8,8,8,8,8,8,8,8,8,8,8,8,8,8,8,8,8,8,9,9,9,9,9,9,9,9,9,9,9,9,9,9,9,9,9,9,9,9,10+,10+,10+,10+,10+,10+,10+,10+,10+,10+,10+,10+,10+,10+,10+,10+,10+,10+,10+,10+,10+,10+,10+,10+,10+,10+,10+,10+,10+,10+,10+,10+,10+,10+,10+,56
57,2,2,2,2,2,2,2,2,2,2,2,2,2,2,2,2,2,2,2,2,2,2,2,2,2,2,2,2,2,2,3,3,3,3,3,3,3,3,3,3,3,3,3,3,3,3,3,4,4,4,4,4,4,4,4,4,4,4,4,4,4,4,4,5,5,5,5,5,5,5,5,5,5,5,5,5,6,6,6,6,6,6,6,6,6,6,6,6,6,6,6,7,7,7,7,7,7,7,7,7,7,7,7,7,7,8,8,8,8,8,8,8,8,8,8,8,8,8,8,8,8,8,8,9,9,9,9,9,9,9,9,9,9,9,9,9,9,9,9,9,9,9,10+,10+,10+,10+,10+,10+,10+,10+,10+,10+,10+,10+,10+,10+,10+,10+,10+,10+,10+,10+,10+,10+,10+,10+,10+,10+,10+,10+,10+,10+,10+,10+,10+,10+,10+,10+,10+,10+,57
58,2,2,2,2,2,2,2,2,2,2,2,2,2,2,2,2,2,2,2,2,2,2,2,2,2,2,2,2,2,2,3,3,3,3,3,3,3,3,3,3,3,3,3,3,3,3,4,4,4,4,4,4,4,4,4,4,4,4,4,4,4,4,5,5,5,5,5,5,5,5,5,5,5,5,5,6,6,6,6,6,6,6,6,6,6,6,6,6,7,7,7,7,7,7,7,7,7,7,7,7,7,7,7,8,8,8,8,8,8,8,8,8,8,8,8,8,8,8,8,8,8,9,9,9,9,9,9,9,9,9,9,9,9,9,9,9,9,9,10+,10+,10+,10+,10+,10+,10+,10+,10+,10+,10+,10+,10+,10+,10+,10+,10+,10+,10+,10+,10+,10+,10+,10+,10+,10+,10+,10+,10+,10+,10+,10+,10+,10+,10+,10+,10+,10+,10+,10+,10+,10+,58
59,2,2,2,2,2,2,2,2,2,2,2,2,2,2,2,2,2,2,2,2,2,2,2,2,2,2,2,2,2,3,3,3,3,3,3,3,3,3,3,3,3,3,3,3,3,4,4,4,4,4,4,4,4,4,4,4,4,4,4,4,4,5,5,5,5,5,5,5,5,5,5,5,5,5,6,6,6,6,6,6,6,6,6,6,6,6,6,7,7,7,7,7,7,7,7,7,7,7,7,7,7,7,8,8,8,8,8,8,8,8,8,8,8,8,8,8,8,8,8,8,9,9,9,9,9,9,9,9,9,9,9,9,9,9,9,9,10+,10+,10+,10+,10+,10+,10+,10+,10+,10+,10+,10+,10+,10+,10+,10+,10+,10+,10+,10+,10+,10+,10+,10+,10+,10+,10+,10+,10+,10+,10+,10+,10+,10+,10+,10+,10+,10+,10+,10+,10+,10+,10+,10+,59
60,3,3,3,3,3,3,3,3,3,3,3,3,3,3,3,3,3,3,3,3,3,3,3,3,3,3,3,3,3,3,3,3,3,3,3,3,3,3,3,3,3,3,3,3,4,4,4,4,4,4,4,4,4,4,4,4,4,4,4,4,5,5,5,5,5,5,5,5,5,5,5,5,5,6,6,6,6,6,6,6,6,6,6,6,6,6,7,7,7,7,7,7,7,7,7,7,7,7,7,7,7,8,8,8,8,8,8,8,8,8,8,8,8,8,8,8,8,9,9,9,9,9,9,9,9,9,9,9,9,9,9,9,9,10+,10+,10+,10+,10+,10+,10+,10+,10+,10+,10+,10+,10+,10+,10+,10+,10+,10+,10+,10+,10+,10+,10+,10+,10+,10+,10+,10+,10+,10+,10+,10+,10+,10+,10+,10+,10+,10+,10+,10+,10+,10+,10+,10+,10+,10+,10+,60
61,3,3,3,3,3,3,3,3,3,3,3,3,3,3,3,3,3,3,3,3,3,3,3,3,3,3,3,3,3,3,3,3,3,3,3,3,3,3,3,3,3,3,3,4,4,4,4,4,4,4,4,4,4,4,4,4,4,4,4,5,5,5,5,5,5,5,5,5,5,5,5,5,6,6,6,6,6,6,6,6,6,6,6,6,6,7,7,7,7,7,7,7,7,7,7,7,7,7,7,7,8,8,8,8,8,8,8,8,8,8,8,8,8,8,8,9,9,9,9,9,9,9,9,9,9,9,9,9,9,9,9,10+,10+,10+,10+,10+,10+,10+,10+,10+,10+,10+,10+,10+,10+,10+,10+,10+,10+,10+,10+,10+,10+,10+,10+,10+,10+,10+,10+,10+,10+,10+,10+,10+,10+,10+,10+,10+,10+,10+,10+,10+,10+,10+,10+,10+,10+,10+,10+,10+,61
62,3,3,3,3,3,3,3,3,3,3,3,3,3,3,3,3,3,3,3,3,3,3,3,3,3,3,3,3,3,3,3,3,3,3,3,3,3,3,3,3,3,3,4,4,4,4,4,4,4,4,4,4,4,4,4,4,4,4,5,5,5,5,5,5,5,5,5,5,5,5,5,6,6,6,6,6,6,6,6,6,6,6,6,7,7,7,7,7,7,7,7,7,7,7,7,7,7,7,8,8,8,8,8,8,8,8,8,8,8,8,8,8,8,9,9,9,9,9,9,9,9,9,9,9,9,9,9,9,9,9,10+,10+,10+,10+,10+,10+,10+,10+,10+,10+,10+,10+,10+,10+,10+,10+,10+,10+,10+,10+,10+,10+,10+,10+,10+,10+,10+,10+,10+,10+,10+,10+,10+,10+,10+,10+,10+,10+,10+,10+,10+,10+,10+,10+,10+,10+,10+,10+,10+,10+,62
63,3,3,3,3,3,3,3,3,3,3,3,3,3,3,3,3,3,3,3,3,3,3,3,3,3,3,3,3,3,3,3,3,3,3,3,3,3,3,3,3,3,4,4,4,4,4,4,4,4,4,4,4,4,4,4,4,4,5,5,5,5,5,5,5,5,5,5,5,5,5,6,6,6,6,6,6,6,6,6,6,6,6,7,7,7,7,7,7,7,7,7,7,7,7,7,7,7,8,8,8,8,8,8,8,8,8,8,8,8,8,8,8,9,9,9,9,9,9,9,9,9,9,9,9,9,9,9,10+,10+,10+,10+,10+,10+,10+,10+,10+,10+,10+,10+,10+,10+,10+,10+,10+,10+,10+,10+,10+,10+,10+,10+,10+,10+,10+,10+,10+,10+,10+,10+,10+,10+,10+,10+,10+,10+,10+,10+,10+,10+,10+,10+,10+,10+,10+,10+,10+,10+,10+,10+,10+,63
64,3,3,3,3,3,3,3,3,3,3,3,3,3,3,3,3,3,3,3,3,3,3,3,3,3,3,3,3,3,3,3,3,3,3,3,3,3,3,3,3,3,4,4,4,4,4,4,4,4,4,4,4,4,4,4,4,5,5,5,5,5,5,5,5,5,5,5,5,5,6,6,6,6,6,6,6,6,6,6,6,6,7,7,7,7,7,7,7,7,7,7,7,7,7,7,7,8,8,8,8,8,8,8,8,8,8,8,8,8,8,8,9,9,9,9,9,9,9,9,9,9,9,9,9,9,9,10+,10+,10+,10+,10+,10+,10+,10+,10+,10+,10+,10+,10+,10+,10+,10+,10+,10+,10+,10+,10+,10+,10+,10+,10+,10+,10+,10+,10+,10+,10+,10+,10+,10+,10+,10+,10+,10+,10+,10+,10+,10+,10+,10+,10+,10+,10+,10+,10+,10+,10+,10+,10+,10+,64
65,3,3,3,3,3,3,3,3,3,3,3,3,3,3,3,3,3,3,3,3,3,3,3,3,3,3,3,3,3,3,3,3,3,3,3,3,3,3,3,3,4,4,4,4,4,4,4,4,4,4,4,4,4,4,4,4,5,5,5,5,5,5,5,5,5,5,5,5,6,6,6,6,6,6,6,6,6,6,6,6,7,7,7,7,7,7,7,7,7,7,7,7,7,7,7,8,8,8,8,8,8,8,8,8,8,8,8,8,8,8,9,9,9,9,9,9,9,9,9,9,9,9,9,9,9,9,10+,10+,10+,10+,10+,10+,10+,10+,10+,10+,10+,10+,10+,10+,10+,10+,10+,10+,10+,10+,10+,10+,10+,10+,10+,10+,10+,10+,10+,10+,10+,10+,10+,10+,10+,10+,10+,10+,10+,10+,10+,10+,10+,10+,10+,10+,10+,10+,10+,10+,10+,10+,10+,10+,65
66,3,3,3,3,3,3,3,3,3,3,3,3,3,3,3,3,3,3,3,3,3,3,3,3,3,3,3,3,3,3,3,3,3,3,3,3,3,3,3,3,4,4,4,4,4,4,4,4,4,4,4,4,4,4,4,5,5,5,5,5,5,5,5,5,5,5,5,6,6,6,6,6,6,6,6,6,6,6,6,7,7,7,7,7,7,7,7,7,7,7,7,7,7,8,8,8,8,8,8,8,8,8,8,8,8,8,8,8,9,9,9,9,9,9,9,9,9,9,9,9,9,9,9,9,9,10+,10+,10+,10+,10+,10+,10+,10+,10+,10+,10+,10+,10+,10+,10+,10+,10+,10+,10+,10+,10+,10+,10+,10+,10+,10+,10+,10+,10+,10+,10+,10+,10+,10+,10+,10+,10+,10+,10+,10+,10+,10+,10+,10+,10+,10+,10+,10+,10+,10+,10+,10+,10+,10+,10+,66
67,3,3,3,3,3,3,3,3,3,3,3,3,3,3,3,3,3,3,3,3,3,3,3,3,3,3,3,3,3,3,3,3,3,3,3,3,3,3,3,4,4,4,4,4,4,4,4,4,4,4,4,4,4,4,5,5,5,5,5,5,5,5,5,5,5,5,6,6,6,6,6,6,6,6,6,6,6,6,7,7,7,7,7,7,7,7,7,7,7,7,7,7,8,8,8,8,8,8,8,8,8,8,8,8,8,8,8,9,9,9,9,9,9,9,9,9,9,9,9,9,9,9,9,10+,10+,10+,10+,10+,10+,10+,10+,10+,10+,10+,10+,10+,10+,10+,10+,10+,10+,10+,10+,10+,10+,10+,10+,10+,10+,10+,10+,10+,10+,10+,10+,10+,10+,10+,10+,10+,10+,10+,10+,10+,10+,10+,10+,10+,10+,10+,10+,10+,10+,10+,10+,10+,10+,10+,10+,10+,67
68,3,3,3,3,3,3,3,3,3,3,3,3,3,3,3,3,3,3,3,3,3,3,3,3,3,3,3,3,3,3,3,3,3,3,3,3,3,3,4,4,4,4,4,4,4,4,4,4,4,4,4,4,4,5,5,5,5,5,5,5,5,5,5,5,5,6,6,6,6,6,6,6,6,6,6,6,7,7,7,7,7,7,7,7,7,7,7,7,7,7,7,8,8,8,8,8,8,8,8,8,8,8,8,8,8,9,9,9,9,9,9,9,9,9,9,9,9,9,9,9,9,10+,10+,10+,10+,10+,10+,10+,10+,10+,10+,10+,10+,10+,10+,10+,10+,10+,10+,10+,10+,10+,10+,10+,10+,10+,10+,10+,10+,10+,10+,10+,10+,10+,10+,10+,10+,10+,10+,10+,10+,10+,10+,10+,10+,10+,10+,10+,10+,10+,10+,10+,10+,10+,10+,10+,10+,10+,10+,10+,68
69,3,3,3,3,3,3,3,3,3,3,3,3,3,3,3,3,3,3,3,3,3,3,3,3,3,3,3,3,3,3,3,3,3,3,3,3,3,4,4,4,4,4,4,4,4,4,4,4,4,4,4,4,5,5,5,5,5,5,5,5,5,5,5,5,6,6,6,6,6,6,6,6,6,6,6,7,7,7,7,7,7,7,7,7,7,7,7,7,7,8,8,8,8,8,8,8,8,8,8,8,8,8,8,9,9,9,9,9,9,9,9,9,9,9,9,9,9,9,10+,10+,10+,10+,10+,10+,10+,10+,10+,10+,10+,10+,10+,10+,10+,10+,10+,10+,10+,10+,10+,10+,10+,10+,10+,10+,10+,10+,10+,10+,10+,10+,10+,10+,10+,10+,10+,10+,10+,10+,10+,10+,10+,10+,10+,10+,10+,10+,10+,10+,10+,10+,10+,10+,10+,10+,10+,10+,10+,10+,10+,10+,69
70,3,3,3,3,3,3,3,3,3,3,3,3,3,3,3,3,3,3,3,3,3,3,3,3,3,3,3,3,3,3,3,3,3,3,3,3,3,4,4,4,4,4,4,4,4,4,4,4,4,4,4,5,5,5,5,5,5,5,5,5,5,5,5,6,6,6,6,6,6,6,6,6,6,6,7,7,7,7,7,7,7,7,7,7,7,7,7,7,8,8,8,8,8,8,8,8,8,8,8,8,8,8,9,9,9,9,9,9,9,9,9,9,9,9,9,9,10+,10+,10+,10+,10+,10+,10+,10+,10+,10+,10+,10+,10+,10+,10+,10+,10+,10+,10+,10+,10+,10+,10+,10+,10+,10+,10+,10+,10+,10+,10+,10+,10+,10+,10+,10+,10+,10+,10+,10+,10+,10+,10+,10+,10+,10+,10+,10+,10+,10+,10+,10+,10+,10+,10+,10+,10+,10+,10+,10+,10+,10+,10+,10+,70
71,3,3,3,3,3,3,3,3,3,3,3,3,3,3,3,3,3,3,3,3,3,3,3,3,3,3,3,3,3,3,3,3,3,3,3,3,3,4,4,4,4,4,4,4,4,4,4,4,4,4,5,5,5,5,5,5,5,5,5,5,5,5,6,6,6,6,6,6,6,6,6,6,6,7,7,7,7,7,7,7,7,7,7,7,7,7,7,8,8,8,8,8,8,8,8,8,8,8,8,8,8,9,9,9,9,9,9,9,9,9,9,9,9,9,9,10+,10+,10+,10+,10+,10+,10+,10+,10+,10+,10+,10+,10+,10+,10+,10+,10+,10+,10+,10+,10+,10+,10+,10+,10+,10+,10+,10+,10+,10+,10+,10+,10+,10+,10+,10+,10+,10+,10+,10+,10+,10+,10+,10+,10+,10+,10+,10+,10+,10+,10+,10+,10+,10+,10+,10+,10+,10+,10+,10+,10+,10+,10+,10+,10+,71
72,3,3,3,3,3,3,3,3,3,3,3,3,3,3,3,3,3,3,3,3,3,3,3,3,3,3,3,3,3,3,3,3,3,3,3,3,4,4,4,4,4,4,4,4,4,4,4,4,4,5,5,5,5,5,5,5,5,5,5,5,5,6,6,6,6,6,6,6,6,6,6,6,7,7,7,7,7,7,7,7,7,7,7,7,7,7,8,8,8,8,8,8,8,8,8,8,8,8,8,8,9,9,9,9,9,9,9,9,9,9,9,9,9,9,10+,10+,10+,10+,10+,10+,10+,10+,10+,10+,10+,10+,10+,10+,10+,10+,10+,10+,10+,10+,10+,10+,10+,10+,10+,10+,10+,10+,10+,10+,10+,10+,10+,10+,10+,10+,10+,10+,10+,10+,10+,10+,10+,10+,10+,10+,10+,10+,10+,10+,10+,10+,10+,10+,10+,10+,10+,10+,10+,10+,10+,10+,10+,10+,10+,10+,72
73,3,3,3,3,3,3,3,3,3,3,3,3,3,3,3,3,3,3,3,3,3,3,3,3,3,3,3,3,3,3,3,3,3,3,3,3,4,4,4,4,4,4,4,4,4,4,4,4,4,5,5,5,5,5,5,5,5,5,5,5,6,6,6,6,6,6,6,6,6,6,6,7,7,7,7,7,7,7,7,7,7,7,7,7,7,8,8,8,8,8,8,8,8,8,8,8,8,8,8,9,9,9,9,9,9,9,9,9,9,9,9,9,10+,10+,10+,10+,10+,10+,10+,10+,10+,10+,10+,10+,10+,10+,10+,10+,10+,10+,10+,10+,10+,10+,10+,10+,10+,10+,10+,10+,10+,10+,10+,10+,10+,10+,10+,10+,10+,10+,10+,10+,10+,10+,10+,10+,10+,10+,10+,10+,10+,10+,10+,10+,10+,10+,10+,10+,10+,10+,10+,10+,10+,10+,10+,10+,10+,10+,10+,10+,73
74,3,3,3,3,3,3,3,3,3,3,3,3,3,3,3,3,3,3,3,3,3,3,3,3,3,3,3,3,3,3,3,3,3,3,3,4,4,4,4,4,4,4,4,4,4,4,4,4,4,5,5,5,5,5,5,5,5,5,5,6,6,6,6,6,6,6,6,6,6,6,7,7,7,7,7,7,7,7,7,7,7,7,7,7,8,8,8,8,8,8,8,8,8,8,8,8,8,8,9,9,9,9,9,9,9,9,9,9,9,9,9,10+,10+,10+,10+,10+,10+,10+,10+,10+,10+,10+,10+,10+,10+,10+,10+,10+,10+,10+,10+,10+,10+,10+,10+,10+,10+,10+,10+,10+,10+,10+,10+,10+,10+,10+,10+,10+,10+,10+,10+,10+,10+,10+,10+,10+,10+,10+,10+,10+,10+,10+,10+,10+,10+,10+,10+,10+,10+,10+,10+,10+,10+,10+,10+,10+,10+,10+,10+,10+,74
75,3,3,3,3,3,3,3,3,3,3,3,3,3,3,3,3,3,3,3,3,3,3,3,3,3,3,3,3,3,3,3,3,3,3,3,4,4,4,4,4,4,4,4,4,4,4,4,4,5,5,5,5,5,5,5,5,5,5,6,6,6,6,6,6,6,6,6,6,6,7,7,7,7,7,7,7,7,7,7,7,7,7,7,8,8,8,8,8,8,8,8,8,8,8,8,8,8,9,9,9,9,9,9,9,9,9,9,9,9,9,10+,10+,10+,10+,10+,10+,10+,10+,10+,10+,10+,10+,10+,10+,10+,10+,10+,10+,10+,10+,10+,10+,10+,10+,10+,10+,10+,10+,10+,10+,10+,10+,10+,10+,10+,10+,10+,10+,10+,10+,10+,10+,10+,10+,10+,10+,10+,10+,10+,10+,10+,10+,10+,10+,10+,10+,10+,10+,10+,10+,10+,10+,10+,10+,10+,10+,10+,10+,10+,10+,75
76,3,3,3,3,3,3,3,3,3,3,3,3,3,3,3,3,3,3,3,3,3,3,3,3,3,3,3,3,3,3,3,3,3,3,4,4,4,4,4,4,4,4,4,4,4,4,4,5,5,5,5,5,5,5,5,5,5,6,6,6,6,6,6,6,6,6,6,6,7,7,7,7,7,7,7,7,7,7,7,7,7,7,8,8,8,8,8,8,8,8,8,8,8,8,8,9,9,9,9,9,9,9,9,9,9,9,9,9,10+,10+,10+,10+,10+,10+,10+,10+,10+,10+,10+,10+,10+,10+,10+,10+,10+,10+,10+,10+,10+,10+,10+,10+,10+,10+,10+,10+,10+,10+,10+,10+,10+,10+,10+,10+,10+,10+,10+,10+,10+,10+,10+,10+,10+,10+,10+,10+,10+,10+,10+,10+,10+,10+,10+,10+,10+,10+,10+,10+,10+,10+,10+,10+,10+,10+,10+,10+,10+,10+,10+,10+,76
77,3,3,3,3,3,3,3,3,3,3,3,3,3,3,3,3,3,3,3,3,3,3,3,3,3,3,3,3,3,3,3,3,3,3,4,4,4,4,4,4,4,4,4,4,4,4,5,5,5,5,5,5,5,5,5,5,6,6,6,6,6,6,6,6,6,6,6,7,7,7,7,7,7,7,7,7,7,7,7,7,7,8,8,8,8,8,8,8,8,8,8,8,8,9,9,9,9,9,9,9,9,9,9,9,9,9,9,10+,10+,10+,10+,10+,10+,10+,10+,10+,10+,10+,10+,10+,10+,10+,10+,10+,10+,10+,10+,10+,10+,10+,10+,10+,10+,10+,10+,10+,10+,10+,10+,10+,10+,10+,10+,10+,10+,10+,10+,10+,10+,10+,10+,10+,10+,10+,10+,10+,10+,10+,10+,10+,10+,10+,10+,10+,10+,10+,10+,10+,10+,10+,10+,10+,10+,10+,10+,10+,10+,10+,10+,10+,77
78,3,3,3,3,3,3,3,3,3,3,3,3,3,3,3,3,3,3,3,3,3,3,3,3,3,3,3,3,3,3,3,3,3,4,4,4,4,4,4,4,4,4,4,4,4,4,5,5,5,5,5,5,5,5,5,5,6,6,6,6,6,6,6,6,6,6,6,7,7,7,7,7,7,7,7,7,7,7,7,7,8,8,8,8,8,8,8,8,8,8,8,8,9,9,9,9,9,9,9,9,9,9,9,9,9,10+,10+,10+,10+,10+,10+,10+,10+,10+,10+,10+,10+,10+,10+,10+,10+,10+,10+,10+,10+,10+,10+,10+,10+,10+,10+,10+,10+,10+,10+,10+,10+,10+,10+,10+,10+,10+,10+,10+,10+,10+,10+,10+,10+,10+,10+,10+,10+,10+,10+,10+,10+,10+,10+,10+,10+,10+,10+,10+,10+,10+,10+,10+,10+,10+,10+,10+,10+,10+,10+,10+,10+,10+,10+,10+,78
79,3,3,3,3,3,3,3,3,3,3,3,3,3,3,3,3,3,3,3,3,3,3,3,3,3,3,3,3,3,3,3,3,3,4,4,4,4,4,4,4,4,4,4,4,4,5,5,5,5,5,5,5,5,5,5,5,6,6,6,6,6,6,6,6,6,6,7,7,7,7,7,7,7,7,7,7,7,7,7,8,8,8,8,8,8,8,8,8,8,8,8,9,9,9,9,9,9,9,9,9,9,9,9,10+,10+,10+,10+,10+,10+,10+,10+,10+,10+,10+,10+,10+,10+,10+,10+,10+,10+,10+,10+,10+,10+,10+,10+,10+,10+,10+,10+,10+,10+,10+,10+,10+,10+,10+,10+,10+,10+,10+,10+,10+,10+,10+,10+,10+,10+,10+,10+,10+,10+,10+,10+,10+,10+,10+,10+,10+,10+,10+,10+,10+,10+,10+,10+,10+,10+,10+,10+,10+,10+,10+,10+,10+,10+,10+,10+,10+,79
80,3,3,3,3,3,3,3,3,3,3,3,3,3,3,3,3,3,3,3,3,3,3,3,3,3,3,3,3,3,3,3,3,4,4,4,4,4,4,4,4,4,4,4,4,4,5,5,5,5,5,5,5,5,5,5,6,6,6,6,6,6,6,6,6,6,7,7,7,7,7,7,7,7,7,7,7,7,7,8,8,8,8,8,8,8,8,8,8,8,8,9,9,9,9,9,9,9,9,9,9,9,9,10+,10+,10+,10+,10+,10+,10+,10+,10+,10+,10+,10+,10+,10+,10+,10+,10+,10+,10+,10+,10+,10+,10+,10+,10+,10+,10+,10+,10+,10+,10+,10+,10+,10+,10+,10+,10+,10+,10+,10+,10+,10+,10+,10+,10+,10+,10+,10+,10+,10+,10+,10+,10+,10+,10+,10+,10+,10+,10+,10+,10+,10+,10+,10+,10+,10+,10+,10+,10+,10+,10+,10+,10+,10+,10+,10+,10+,10+,80
81,3,3,3,3,3,3,3,3,3,3,3,3,3,3,3,3,3,3,3,3,3,3,3,3,3,3,3,3,3,3,3,3,4,4,4,4,4,4,4,4,4,4,4,4,5,5,5,5,5,5,5,5,5,5,6,6,6,6,6,6,6,6,6,6,7,7,7,7,7,7,7,7,7,7,7,7,7,8,8,8,8,8,8,8,8,8,8,8,8,9,9,9,9,9,9,9,9,9,9,9,9,10+,10+,10+,10+,10+,10+,10+,10+,10+,10+,10+,10+,10+,10+,10+,10+,10+,10+,10+,10+,10+,10+,10+,10+,10+,10+,10+,10+,10+,10+,10+,10+,10+,10+,10+,10+,10+,10+,10+,10+,10+,10+,10+,10+,10+,10+,10+,10+,10+,10+,10+,10+,10+,10+,10+,10+,10+,10+,10+,10+,10+,10+,10+,10+,10+,10+,10+,10+,10+,10+,10+,10+,10+,10+,10+,10+,10+,10+,10+,81
82,3,3,3,3,3,3,3,3,3,3,3,3,3,3,3,3,3,3,3,3,3,3,3,3,3,3,3,3,3,3,3,3,4,4,4,4,4,4,4,4,4,4,4,5,5,5,5,5,5,5,5,5,5,6,6,6,6,6,6,6,6,6,6,7,7,7,7,7,7,7,7,7,7,7,7,7,8,8,8,8,8,8,8,8,8,8,8,8,9,9,9,9,9,9,9,9,9,9,9,9,10+,10+,10+,10+,10+,10+,10+,10+,10+,10+,10+,10+,10+,10+,10+,10+,10+,10+,10+,10+,10+,10+,10+,10+,10+,10+,10+,10+,10+,10+,10+,10+,10+,10+,10+,10+,10+,10+,10+,10+,10+,10+,10+,10+,10+,10+,10+,10+,10+,10+,10+,10+,10+,10+,10+,10+,10+,10+,10+,10+,10+,10+,10+,10+,10+,10+,10+,10+,10+,10+,10+,10+,10+,10+,10+,10+,10+,10+,10+,10+,82
83,3,3,3,3,3,3,3,3,3,3,3,3,3,3,3,3,3,3,3,3,3,3,3,3,3,3,3,3,3,3,3,4,4,4,4,4,4,4,4,4,4,4,5,5,5,5,5,5,5,5,5,5,6,6,6,6,6,6,6,6,6,6,7,7,7,7,7,7,7,7,7,7,7,7,7,8,8,8,8,8,8,8,8,8,8,8,8,9,9,9,9,9,9,9,9,9,9,9,9,10+,10+,10+,10+,10+,10+,10+,10+,10+,10+,10+,10+,10+,10+,10+,10+,10+,10+,10+,10+,10+,10+,10+,10+,10+,10+,10+,10+,10+,10+,10+,10+,10+,10+,10+,10+,10+,10+,10+,10+,10+,10+,10+,10+,10+,10+,10+,10+,10+,10+,10+,10+,10+,10+,10+,10+,10+,10+,10+,10+,10+,10+,10+,10+,10+,10+,10+,10+,10+,10+,10+,10+,10+,10+,10+,10+,10+,10+,10+,10+,10+,83
84,3,3,3,3,3,3,3,3,3,3,3,3,3,3,3,3,3,3,3,3,3,3,3,3,3,3,3,3,3,3,3,4,4,4,4,4,4,4,4,4,4,4,5,5,5,5,5,5,5,5,5,6,6,6,6,6,6,6,6,6,6,7,7,7,7,7,7,7,7,7,7,7,7,7,8,8,8,8,8,8,8,8,8,8,8,8,9,9,9,9,9,9,9,9,9,9,9,9,10+,10+,10+,10+,10+,10+,10+,10+,10+,10+,10+,10+,10+,10+,10+,10+,10+,10+,10+,10+,10+,10+,10+,10+,10+,10+,10+,10+,10+,10+,10+,10+,10+,10+,10+,10+,10+,10+,10+,10+,10+,10+,10+,10+,10+,10+,10+,10+,10+,10+,10+,10+,10+,10+,10+,10+,10+,10+,10+,10+,10+,10+,10+,10+,10+,10+,10+,10+,10+,10+,10+,10+,10+,10+,10+,10+,10+,10+,10+,10+,10+,10+,84
85,3,3,3,3,3,3,3,3,3,3,3,3,3,3,3,3,3,3,3,3,3,3,3,3,3,3,3,3,3,3,3,4,4,4,4,4,4,4,4,4,4,5,5,5,5,5,5,5,5,5,5,6,6,6,6,6,6,6,6,6,6,7,7,7,7,7,7,7,7,7,7,7,7,8,8,8,8,8,8,8,8,8,8,8,8,9,9,9,9,9,9,9,9,9,9,9,9,10+,10+,10+,10+,10+,10+,10+,10+,10+,10+,10+,10+,10+,10+,10+,10+,10+,10+,10+,10+,10+,10+,10+,10+,10+,10+,10+,10+,10+,10+,10+,10+,10+,10+,10+,10+,10+,10+,10+,10+,10+,10+,10+,10+,10+,10+,10+,10+,10+,10+,10+,10+,10+,10+,10+,10+,10+,10+,10+,10+,10+,10+,10+,10+,10+,10+,10+,10+,10+,10+,10+,10+,10+,10+,10+,10+,10+,10+,10+,10+,10+,10+,10+,85
86,3,3,3,3,3,3,3,3,3,3,3,3,3,3,3,3,3,3,3,3,3,3,3,3,3,3,3,3,3,3,3,4,4,4,4,4,4,4,4,4,4,5,5,5,5,5,5,5,5,5,6,6,6,6,6,6,6,6,6,6,7,7,7,7,7,7,7,7,7,7,7,7,8,8,8,8,8,8,8,8,8,8,8,8,9,9,9,9,9,9,9,9,9,9,9,9,10+,10+,10+,10+,10+,10+,10+,10+,10+,10+,10+,10+,10+,10+,10+,10+,10+,10+,10+,10+,10+,10+,10+,10+,10+,10+,10+,10+,10+,10+,10+,10+,10+,10+,10+,10+,10+,10+,10+,10+,10+,10+,10+,10+,10+,10+,10+,10+,10+,10+,10+,10+,10+,10+,10+,10+,10+,10+,10+,10+,10+,10+,10+,10+,10+,10+,10+,10+,10+,10+,10+,10+,10+,10+,10+,10+,10+,10+,10+,10+,10+,10+,10+,10+,86
87,3,3,3,3,3,3,3,3,3,3,3,3,3,3,3,3,3,3,3,3,3,3,3,3,3,3,3,3,3,3,4,4,4,4,4,4,4,4,4,4,5,5,5,5,5,5,5,5,5,5,6,6,6,6,6,6,6,6,6,7,7,7,7,7,7,7,7,7,7,7,7,8,8,8,8,8,8,8,8,8,8,8,8,9,9,9,9,9,9,9,9,9,9,9,9,10+,10+,10+,10+,10+,10+,10+,10+,10+,10+,10+,10+,10+,10+,10+,10+,10+,10+,10+,10+,10+,10+,10+,10+,10+,10+,10+,10+,10+,10+,10+,10+,10+,10+,10+,10+,10+,10+,10+,10+,10+,10+,10+,10+,10+,10+,10+,10+,10+,10+,10+,10+,10+,10+,10+,10+,10+,10+,10+,10+,10+,10+,10+,10+,10+,10+,10+,10+,10+,10+,10+,10+,10+,10+,10+,10+,10+,10+,10+,10+,10+,10+,10+,10+,10+,87
88,3,3,3,3,3,3,3,3,3,3,3,3,3,3,3,3,3,3,3,3,3,3,3,3,3,3,3,3,3,3,4,4,4,4,4,4,4,4,4,4,5,5,5,5,5,5,5,5,5,6,6,6,6,6,6,6,6,6,7,7,7,7,7,7,7,7,7,7,7,7,8,8,8,8,8,8,8,8,8,8,8,8,9,9,9,9,9,9,9,9,9,9,9,10+,10+,10+,10+,10+,10+,10+,10+,10+,10+,10+,10+,10+,10+,10+,10+,10+,10+,10+,10+,10+,10+,10+,10+,10+,10+,10+,10+,10+,10+,10+,10+,10+,10+,10+,10+,10+,10+,10+,10+,10+,10+,10+,10+,10+,10+,10+,10+,10+,10+,10+,10+,10+,10+,10+,10+,10+,10+,10+,10+,10+,10+,10+,10+,10+,10+,10+,10+,10+,10+,10+,10+,10+,10+,10+,10+,10+,10+,10+,10+,10+,10+,10+,10+,10+,10+,10+,88
89,3,3,3,3,3,3,3,3,3,3,3,3,3,3,3,3,3,3,3,3,3,3,3,3,3,3,3,3,3,4,4,4,4,4,4,4,4,4,4,5,5,5,5,5,5,5,5,5,5,6,6,6,6,6,6,6,6,7,7,7,7,7,7,7,7,7,7,7,7,8,8,8,8,8,8,8,8,8,8,8,8,9,9,9,9,9,9,9,9,9,9,9,10+,10+,10+,10+,10+,10+,10+,10+,10+,10+,10+,10+,10+,10+,10+,10+,10+,10+,10+,10+,10+,10+,10+,10+,10+,10+,10+,10+,10+,10+,10+,10+,10+,10+,10+,10+,10+,10+,10+,10+,10+,10+,10+,10+,10+,10+,10+,10+,10+,10+,10+,10+,10+,10+,10+,10+,10+,10+,10+,10+,10+,10+,10+,10+,10+,10+,10+,10+,10+,10+,10+,10+,10+,10+,10+,10+,10+,10+,10+,10+,10+,10+,10+,10+,10+,10+,10+,10+,89
90,4,4,4,4,4,4,4,4,4,4,4,4,4,4,4,4,4,4,4,4,4,4,4,4,4,4,4,4,4,4,4,4,4,4,4,4,4,4,4,5,5,5,5,5,5,5,5,5,6,6,6,6,6,6,6,6,6,7,7,7,7,7,7,7,7,7,7,7,8,8,8,8,8,8,8,8,8,8,8,8,9,9,9,9,9,9,9,9,9,9,10+,10+,10+,10+,10+,10+,10+,10+,10+,10+,10+,10+,10+,10+,10+,10+,10+,10+,10+,10+,10+,10+,10+,10+,10+,10+,10+,10+,10+,10+,10+,10+,10+,10+,10+,10+,10+,10+,10+,10+,10+,10+,10+,10+,10+,10+,10+,10+,10+,10+,10+,10+,10+,10+,10+,10+,10+,10+,10+,10+,10+,10+,10+,10+,10+,10+,10+,10+,10+,10+,10+,10+,10+,10+,10+,10+,10+,10+,10+,10+,10+,10+,10+,10+,10+,10+,10+,10+,10+,10+,90
91,4,4,4,4,4,4,4,4,4,4,4,4,4,4,4,4,4,4,4,4,4,4,4,4,4,4,4,4,4,4,4,4,4,4,4,4,4,4,4,5,5,5,5,5,5,5,5,6,6,6,6,6,6,6,6,6,6,7,7,7,7,7,7,7,7,7,7,7,8,8,8,8,8,8,8,8,8,8,8,9,9,9,9,9,9,9,9,9,9,10+,10+,10+,10+,10+,10+,10+,10+,10+,10+,10+,10+,10+,10+,10+,10+,10+,10+,10+,10+,10+,10+,10+,10+,10+,10+,10+,10+,10+,10+,10+,10+,10+,10+,10+,10+,10+,10+,10+,10+,10+,10+,10+,10+,10+,10+,10+,10+,10+,10+,10+,10+,10+,10+,10+,10+,10+,10+,10+,10+,10+,10+,10+,10+,10+,10+,10+,10+,10+,10+,10+,10+,10+,10+,10+,10+,10+,10+,10+,10+,10+,10+,10+,10+,10+,10+,10+,10+,10+,10+,10+,91
92,4,4,4,4,4,4,4,4,4,4,4,4,4,4,4,4,4,4,4,4,4,4,4,4,4,4,4,4,4,4,4,4,4,4,4,4,4,4,5,5,5,5,5,5,5,5,6,6,6,6,6,6,6,6,6,6,7,7,7,7,7,7,7,7,7,7,7,8,8,8,8,8,8,8,8,8,8,8,9,9,9,9,9,9,9,9,9,9,9,10+,10+,10+,10+,10+,10+,10+,10+,10+,10+,10+,10+,10+,10+,10+,10+,10+,10+,10+,10+,10+,10+,10+,10+,10+,10+,10+,10+,10+,10+,10+,10+,10+,10+,10+,10+,10+,10+,10+,10+,10+,10+,10+,10+,10+,10+,10+,10+,10+,10+,10+,10+,10+,10+,10+,10+,10+,10+,10+,10+,10+,10+,10+,10+,10+,10+,10+,10+,10+,10+,10+,10+,10+,10+,10+,10+,10+,10+,10+,10+,10+,10+,10+,10+,10+,10+,10+,10+,10+,10+,10+,92
93,4,4,4,4,4,4,4,4,4,4,4,4,4,4,4,4,4,4,4,4,4,4,4,4,4,4,4,4,4,4,4,4,4,4,4,4,4,5,5,5,5,5,5,5,5,5,6,6,6,6,6,6,6,6,6,6,7,7,7,7,7,7,7,7,7,7,8,8,8,8,8,8,8,8,8,8,8,9,9,9,9,9,9,9,9,9,9,9,10+,10+,10+,10+,10+,10+,10+,10+,10+,10+,10+,10+,10+,10+,10+,10+,10+,10+,10+,10+,10+,10+,10+,10+,10+,10+,10+,10+,10+,10+,10+,10+,10+,10+,10+,10+,10+,10+,10+,10+,10+,10+,10+,10+,10+,10+,10+,10+,10+,10+,10+,10+,10+,10+,10+,10+,10+,10+,10+,10+,10+,10+,10+,10+,10+,10+,10+,10+,10+,10+,10+,10+,10+,10+,10+,10+,10+,10+,10+,10+,10+,10+,10+,10+,10+,10+,10+,10+,10+,10+,10+,10+,93
94,4,4,4,4,4,4,4,4,4,4,4,4,4,4,4,4,4,4,4,4,4,4,4,4,4,4,4,4,4,4,4,4,4,4,4,4,4,5,5,5,5,5,5,5,5,5,6,6,6,6,6,6,6,6,6,7,7,7,7,7,7,7,7,7,7,8,8,8,8,8,8,8,8,8,8,8,9,9,9,9,9,9,9,9,9,9,9,10+,10+,10+,10+,10+,10+,10+,10+,10+,10+,10+,10+,10+,10+,10+,10+,10+,10+,10+,10+,10+,10+,10+,10+,10+,10+,10+,10+,10+,10+,10+,10+,10+,10+,10+,10+,10+,10+,10+,10+,10+,10+,10+,10+,10+,10+,10+,10+,10+,10+,10+,10+,10+,10+,10+,10+,10+,10+,10+,10+,10+,10+,10+,10+,10+,10+,10+,10+,10+,10+,10+,10+,10+,10+,10+,10+,10+,10+,10+,10+,10+,10+,10+,10+,10+,10+,10+,10+,10+,10+,10+,10+,10+,94
95,4,4,4,4,4,4,4,4,4,4,4,4,4,4,4,4,4,4,4,4,4,4,4,4,4,4,4,4,4,4,4,4,4,4,4,4,4,5,5,5,5,5,5,5,5,6,6,6,6,6,6,6,6,6,7,7,7,7,7,7,7,7,7,7,7,8,8,8,8,8,8,8,8,8,8,8,9,9,9,9,9,9,9,9,9,9,9,10+,10+,10+,10+,10+,10+,10+,10+,10+,10+,10+,10+,10+,10+,10+,10+,10+,10+,10+,10+,10+,10+,10+,10+,10+,10+,10+,10+,10+,10+,10+,10+,10+,10+,10+,10+,10+,10+,10+,10+,10+,10+,10+,10+,10+,10+,10+,10+,10+,10+,10+,10+,10+,10+,10+,10+,10+,10+,10+,10+,10+,10+,10+,10+,10+,10+,10+,10+,10+,10+,10+,10+,10+,10+,10+,10+,10+,10+,10+,10+,10+,10+,10+,10+,10+,10+,10+,10+,10+,10+,10+,10+,10+,95
96,4,4,4,4,4,4,4,4,4,4,4,4,4,4,4,4,4,4,4,4,4,4,4,4,4,4,4,4,4,4,4,4,4,4,4,4,5,5,5,5,5,5,5,5,5,6,6,6,6,6,6,6,6,7,7,7,7,7,7,7,7,7,7,7,8,8,8,8,8,8,8,8,8,8,8,9,9,9,9,9,9,9,9,9,9,9,10+,10+,10+,10+,10+,10+,10+,10+,10+,10+,10+,10+,10+,10+,10+,10+,10+,10+,10+,10+,10+,10+,10+,10+,10+,10+,10+,10+,10+,10+,10+,10+,10+,10+,10+,10+,10+,10+,10+,10+,10+,10+,10+,10+,10+,10+,10+,10+,10+,10+,10+,10+,10+,10+,10+,10+,10+,10+,10+,10+,10+,10+,10+,10+,10+,10+,10+,10+,10+,10+,10+,10+,10+,10+,10+,10+,10+,10+,10+,10+,10+,10+,10+,10+,10+,10+,10+,10+,10+,10+,10+,10+,10+,10+,96
97,4,4,4,4,4,4,4,4,4,4,4,4,4,4,4,4,4,4,4,4,4,4,4,4,4,4,4,4,4,4,4,4,4,4,4,4,5,5,5,5,5,5,5,5,6,6,6,6,6,6,6,6,7,7,7,7,7,7,7,7,7,7,7,8,8,8,8,8,8,8,8,8,8,8,8,9,9,9,9,9,9,9,9,9,9,10+,10+,10+,10+,10+,10+,10+,10+,10+,10+,10+,10+,10+,10+,10+,10+,10+,10+,10+,10+,10+,10+,10+,10+,10+,10+,10+,10+,10+,10+,10+,10+,10+,10+,10+,10+,10+,10+,10+,10+,10+,10+,10+,10+,10+,10+,10+,10+,10+,10+,10+,10+,10+,10+,10+,10+,10+,10+,10+,10+,10+,10+,10+,10+,10+,10+,10+,10+,10+,10+,10+,10+,10+,10+,10+,10+,10+,10+,10+,10+,10+,10+,10+,10+,10+,10+,10+,10+,10+,10+,10+,10+,10+,10+,10+,97
98,4,4,4,4,4,4,4,4,4,4,4,4,4,4,4,4,4,4,4,4,4,4,4,4,4,4,4,4,4,4,4,4,4,4,4,4,5,5,5,5,5,5,5,6,6,6,6,6,6,6,6,6,7,7,7,7,7,7,7,7,7,7,8,8,8,8,8,8,8,8,8,8,8,8,9,9,9,9,9,9,9,9,9,9,10+,10+,10+,10+,10+,10+,10+,10+,10+,10+,10+,10+,10+,10+,10+,10+,10+,10+,10+,10+,10+,10+,10+,10+,10+,10+,10+,10+,10+,10+,10+,10+,10+,10+,10+,10+,10+,10+,10+,10+,10+,10+,10+,10+,10+,10+,10+,10+,10+,10+,10+,10+,10+,10+,10+,10+,10+,10+,10+,10+,10+,10+,10+,10+,10+,10+,10+,10+,10+,10+,10+,10+,10+,10+,10+,10+,10+,10+,10+,10+,10+,10+,10+,10+,10+,10+,10+,10+,10+,10+,10+,10+,10+,10+,10+,10+,98
99,4,4,4,4,4,4,4,4,4,4,4,4,4,4,4,4,4,4,4,4,4,4,4,4,4,4,4,4,4,4,4,4,4,4,4,5,5,5,5,5,5,5,6,6,6,6,6,6,6,6,6,7,7,7,7,7,7,7,7,7,7,8,8,8,8,8,8,8,8,8,8,8,8,9,9,9,9,9,9,9,9,9,9,10+,10+,10+,10+,10+,10+,10+,10+,10+,10+,10+,10+,10+,10+,10+,10+,10+,10+,10+,10+,10+,10+,10+,10+,10+,10+,10+,10+,10+,10+,10+,10+,10+,10+,10+,10+,10+,10+,10+,10+,10+,10+,10+,10+,10+,10+,10+,10+,10+,10+,10+,10+,10+,10+,10+,10+,10+,10+,10+,10+,10+,10+,10+,10+,10+,10+,10+,10+,10+,10+,10+,10+,10+,10+,10+,10+,10+,10+,10+,10+,10+,10+,10+,10+,10+,10+,10+,10+,10+,10+,10+,10+,10+,10+,10+,10+,10+,99
100,4,4,4,4,4,4,4,4,4,4,4,4,4,4,4,4,4,4,4,4,4,4,4,4,4,4,4,4,4,4,4,4,4,4,4,5,5,5,5,5,5,5,6,6,6,6,6,6,6,6,7,7,7,7,7,7,7,7,7,7,7,8,8,8,8,8,8,8,8,8,8,8,9,9,9,9,9,9,9,9,9,9,10+,10+,10+,10+,10+,10+,10+,10+,10+,10+,10+,10+,10+,10+,10+,10+,10+,10+,10+,10+,10+,10+,10+,10+,10+,10+,10+,10+,10+,10+,10+,10+,10+,10+,10+,10+,10+,10+,10+,10+,10+,10+,10+,10+,10+,10+,10+,10+,10+,10+,10+,10+,10+,10+,10+,10+,10+,10+,10+,10+,10+,10+,10+,10+,10+,10+,10+,10+,10+,10+,10+,10+,10+,10+,10+,10+,10+,10+,10+,10+,10+,10+,10+,10+,10+,10+,10+,10+,10+,10+,10+,10+,10+,10+,10+,10+,10+,10+,100
101,4,4,4,4,4,4,4,4,4,4,4,4,4,4,4,4,4,4,4,4,4,4,4,4,4,4,4,4,4,4,4,4,4,4,5,5,5,5,5,5,5,5,6,6,6,6,6,6,6,6,7,7,7,7,7,7,7,7,7,7,8,8,8,8,8,8,8,8,8,8,8,9,9,9,9,9,9,9,9,9,9,10+,10+,10+,10+,10+,10+,10+,10+,10+,10+,10+,10+,10+,10+,10+,10+,10+,10+,10+,10+,10+,10+,10+,10+,10+,10+,10+,10+,10+,10+,10+,10+,10+,10+,10+,10+,10+,10+,10+,10+,10+,10+,10+,10+,10+,10+,10+,10+,10+,10+,10+,10+,10+,10+,10+,10+,10+,10+,10+,10+,10+,10+,10+,10+,10+,10+,10+,10+,10+,10+,10+,10+,10+,10+,10+,10+,10+,10+,10+,10+,10+,10+,10+,10+,10+,10+,10+,10+,10+,10+,10+,10+,10+,10+,10+,10+,10+,10+,10+,101
102,4,4,4,4,4,4,4,4,4,4,4,4,4,4,4,4,4,4,4,4,4,4,4,4,4,4,4,4,4,4,4,4,4,4,5,5,5,5,5,5,5,6,6,6,6,6,6,6,6,7,7,7,7,7,7,7,7,7,7,8,8,8,8,8,8,8,8,8,8,8,9,9,9,9,9,9,9,9,9,9,10+,10+,10+,10+,10+,10+,10+,10+,10+,10+,10+,10+,10+,10+,10+,10+,10+,10+,10+,10+,10+,10+,10+,10+,10+,10+,10+,10+,10+,10+,10+,10+,10+,10+,10+,10+,10+,10+,10+,10+,10+,10+,10+,10+,10+,10+,10+,10+,10+,10+,10+,10+,10+,10+,10+,10+,10+,10+,10+,10+,10+,10+,10+,10+,10+,10+,10+,10+,10+,10+,10+,10+,10+,10+,10+,10+,10+,10+,10+,10+,10+,10+,10+,10+,10+,10+,10+,10+,10+,10+,10+,10+,10+,10+,10+,10+,10+,10+,10+,10+,102
103,4,4,4,4,4,4,4,4,4,4,4,4,4,4,4,4,4,4,4,4,4,4,4,4,4,4,4,4,4,4,4,4,4,5,5,5,5,5,5,5,5,6,6,6,6,6,6,6,6,7,7,7,7,7,7,7,7,7,8,8,8,8,8,8,8,8,8,8,8,9,9,9,9,9,9,9,9,9,9,10+,10+,10+,10+,10+,10+,10+,10+,10+,10+,10+,10+,10+,10+,10+,10+,10+,10+,10+,10+,10+,10+,10+,10+,10+,10+,10+,10+,10+,10+,10+,10+,10+,10+,10+,10+,10+,10+,10+,10+,10+,10+,10+,10+,10+,10+,10+,10+,10+,10+,10+,10+,10+,10+,10+,10+,10+,10+,10+,10+,10+,10+,10+,10+,10+,10+,10+,10+,10+,10+,10+,10+,10+,10+,10+,10+,10+,10+,10+,10+,10+,10+,10+,10+,10+,10+,10+,10+,10+,10+,10+,10+,10+,10+,10+,10+,10+,10+,10+,10+,10+,103
104,4,4,4,4,4,4,4,4,4,4,4,4,4,4,4,4,4,4,4,4,4,4,4,4,4,4,4,4,4,4,4,4,4,5,5,5,5,5,5,5,5,6,6,6,6,6,6,6,7,7,7,7,7,7,7,7,7,8,8,8,8,8,8,8,8,8,8,8,9,9,9,9,9,9,9,9,9,9,10+,10+,10+,10+,10+,10+,10+,10+,10+,10+,10+,10+,10+,10+,10+,10+,10+,10+,10+,10+,10+,10+,10+,10+,10+,10+,10+,10+,10+,10+,10+,10+,10+,10+,10+,10+,10+,10+,10+,10+,10+,10+,10+,10+,10+,10+,10+,10+,10+,10+,10+,10+,10+,10+,10+,10+,10+,10+,10+,10+,10+,10+,10+,10+,10+,10+,10+,10+,10+,10+,10+,10+,10+,10+,10+,10+,10+,10+,10+,10+,10+,10+,10+,10+,10+,10+,10+,10+,10+,10+,10+,10+,10+,10+,10+,10+,10+,10+,10+,10+,10+,10+,104
105,4,4,4,4,4,4,4,4,4,4,4,4,4,4,4,4,4,4,4,4,4,4,4,4,4,4,4,4,4,4,4,4,4,5,5,5,5,5,5,5,5,6,6,6,6,6,6,7,7,7,7,7,7,7,7,7,7,8,8,8,8,8,8,8,8,8,8,8,9,9,9,9,9,9,9,9,9,9,10+,10+,10+,10+,10+,10+,10+,10+,10+,10+,10+,10+,10+,10+,10+,10+,10+,10+,10+,10+,10+,10+,10+,10+,10+,10+,10+,10+,10+,10+,10+,10+,10+,10+,10+,10+,10+,10+,10+,10+,10+,10+,10+,10+,10+,10+,10+,10+,10+,10+,10+,10+,10+,10+,10+,10+,10+,10+,10+,10+,10+,10+,10+,10+,10+,10+,10+,10+,10+,10+,10+,10+,10+,10+,10+,10+,10+,10+,10+,10+,10+,10+,10+,10+,10+,10+,10+,10+,10+,10+,10+,10+,10+,10+,10+,10+,10+,10+,10+,10+,10+,10+,105
106,4,4,4,4,4,4,4,4,4,4,4,4,4,4,4,4,4,4,4,4,4,4,4,4,4,4,4,4,4,4,4,4,5,5,5,5,5,5,5,5,6,6,6,6,6,6,6,7,7,7,7,7,7,7,7,7,8,8,8,8,8,8,8,8,8,8,8,9,9,9,9,9,9,9,9,9,9,10+,10+,10+,10+,10+,10+,10+,10+,10+,10+,10+,10+,10+,10+,10+,10+,10+,10+,10+,10+,10+,10+,10+,10+,10+,10+,10+,10+,10+,10+,10+,10+,10+,10+,10+,10+,10+,10+,10+,10+,10+,10+,10+,10+,10+,10+,10+,10+,10+,10+,10+,10+,10+,10+,10+,10+,10+,10+,10+,10+,10+,10+,10+,10+,10+,10+,10+,10+,10+,10+,10+,10+,10+,10+,10+,10+,10+,10+,10+,10+,10+,10+,10+,10+,10+,10+,10+,10+,10+,10+,10+,10+,10+,10+,10+,10+,10+,10+,10+,10+,10+,10+,10+,106
107,4,4,4,4,4,4,4,4,4,4,4,4,4,4,4,4,4,4,4,4,4,4,4,4,4,4,4,4,4,4,4,4,5,5,5,5,5,5,5,5,6,6,6,6,6,6,7,7,7,7,7,7,7,7,7,7,8,8,8,8,8,8,8,8,8,8,8,9,9,9,9,9,9,9,9,9,9,10+,10+,10+,10+,10+,10+,10+,10+,10+,10+,10+,10+,10+,10+,10+,10+,10+,10+,10+,10+,10+,10+,10+,10+,10+,10+,10+,10+,10+,10+,10+,10+,10+,10+,10+,10+,10+,10+,10+,10+,10+,10+,10+,10+,10+,10+,10+,10+,10+,10+,10+,10+,10+,10+,10+,10+,10+,10+,10+,10+,10+,10+,10+,10+,10+,10+,10+,10+,10+,10+,10+,10+,10+,10+,10+,10+,10+,10+,10+,10+,10+,10+,10+,10+,10+,10+,10+,10+,10+,10+,10+,10+,10+,10+,10+,10+,10+,10+,10+,10+,10+,10+,10+,107
108,4,4,4,4,4,4,4,4,4,4,4,4,4,4,4,4,4,4,4,4,4,4,4,4,4,4,4,4,4,4,4,4,5,5,5,5,5,5,5,6,6,6,6,6,6,6,7,7,7,7,7,7,7,7,7,8,8,8,8,8,8,8,8,8,8,8,9,9,9,9,9,9,9,9,9,9,10+,10+,10+,10+,10+,10+,10+,10+,10+,10+,10+,10+,10+,10+,10+,10+,10+,10+,10+,10+,10+,10+,10+,10+,10+,10+,10+,10+,10+,10+,10+,10+,10+,10+,10+,10+,10+,10+,10+,10+,10+,10+,10+,10+,10+,10+,10+,10+,10+,10+,10+,10+,10+,10+,10+,10+,10+,10+,10+,10+,10+,10+,10+,10+,10+,10+,10+,10+,10+,10+,10+,10+,10+,10+,10+,10+,10+,10+,10+,10+,10+,10+,10+,10+,10+,10+,10+,10+,10+,10+,10+,10+,10+,10+,10+,10+,10+,10+,10+,10+,10+,10+,10+,10+,108
109,4,4,4,4,4,4,4,4,4,4,4,4,4,4,4,4,4,4,4,4,4,4,4,4,4,4,4,4,4,4,4,5,5,5,5,5,5,5,5,6,6,6,6,6,6,6,7,7,7,7,7,7,7,7,7,8,8,8,8,8,8,8,8,8,8,9,9,9,9,9,9,9,9,9,9,10+,10+,10+,10+,10+,10+,10+,10+,10+,10+,10+,10+,10+,10+,10+,10+,10+,10+,10+,10+,10+,10+,10+,10+,10+,10+,10+,10+,10+,10+,10+,10+,10+,10+,10+,10+,10+,10+,10+,10+,10+,10+,10+,10+,10+,10+,10+,10+,10+,10+,10+,10+,10+,10+,10+,10+,10+,10+,10+,10+,10+,10+,10+,10+,10+,10+,10+,10+,10+,10+,10+,10+,10+,10+,10+,10+,10+,10+,10+,10+,10+,10+,10+,10+,10+,10+,10+,10+,10+,10+,10+,10+,10+,10+,10+,10+,10+,10+,10+,10+,10+,10+,10+,10+,10+,109
110,4,4,4,4,4,4,4,4,4,4,4,4,4,4,4,4,4,4,4,4,4,4,4,4,4,4,4,4,4,4,4,5,5,5,5,5,5,5,6,6,6,6,6,6,6,7,7,7,7,7,7,7,7,7,7,8,8,8,8,8,8,8,8,8,8,9,9,9,9,9,9,9,9,9,9,10+,10+,10+,10+,10+,10+,10+,10+,10+,10+,10+,10+,10+,10+,10+,10+,10+,10+,10+,10+,10+,10+,10+,10+,10+,10+,10+,10+,10+,10+,10+,10+,10+,10+,10+,10+,10+,10+,10+,10+,10+,10+,10+,10+,10+,10+,10+,10+,10+,10+,10+,10+,10+,10+,10+,10+,10+,10+,10+,10+,10+,10+,10+,10+,10+,10+,10+,10+,10+,10+,10+,10+,10+,10+,10+,10+,10+,10+,10+,10+,10+,10+,10+,10+,10+,10+,10+,10+,10+,10+,10+,10+,10+,10+,10+,10+,10+,10+,10+,10+,10+,10+,10+,10+,10+,110
111,4,4,4,4,4,4,4,4,4,4,4,4,4,4,4,4,4,4,4,4,4,4,4,4,4,4,4,4,4,4,4,5,5,5,5,5,5,5,6,6,6,6,6,6,6,7,7,7,7,7,7,7,7,7,8,8,8,8,8,8,8,8,8,8,9,9,9,9,9,9,9,9,9,9,10+,10+,10+,10+,10+,10+,10+,10+,10+,10+,10+,10+,10+,10+,10+,10+,10+,10+,10+,10+,10+,10+,10+,10+,10+,10+,10+,10+,10+,10+,10+,10+,10+,10+,10+,10+,10+,10+,10+,10+,10+,10+,10+,10+,10+,10+,10+,10+,10+,10+,10+,10+,10+,10+,10+,10+,10+,10+,10+,10+,10+,10+,10+,10+,10+,10+,10+,10+,10+,10+,10+,10+,10+,10+,10+,10+,10+,10+,10+,10+,10+,10+,10+,10+,10+,10+,10+,10+,10+,10+,10+,10+,10+,10+,10+,10+,10+,10+,10+,10+,10+,10+,10+,10+,10+,10+,111
112,4,4,4,4,4,4,4,4,4,4,4,4,4,4,4,4,4,4,4,4,4,4,4,4,4,4,4,4,4,4,4,5,5,5,5,5,5,5,6,6,6,6,6,6,7,7,7,7,7,7,7,7,7,8,8,8,8,8,8,8,8,8,8,9,9,9,9,9,9,9,9,9,9,10+,10+,10+,10+,10+,10+,10+,10+,10+,10+,10+,10+,10+,10+,10+,10+,10+,10+,10+,10+,10+,10+,10+,10+,10+,10+,10+,10+,10+,10+,10+,10+,10+,10+,10+,10+,10+,10+,10+,10+,10+,10+,10+,10+,10+,10+,10+,10+,10+,10+,10+,10+,10+,10+,10+,10+,10+,10+,10+,10+,10+,10+,10+,10+,10+,10+,10+,10+,10+,10+,10+,10+,10+,10+,10+,10+,10+,10+,10+,10+,10+,10+,10+,10+,10+,10+,10+,10+,10+,10+,10+,10+,10+,10+,10+,10+,10+,10+,10+,10+,10+,10+,10+,10+,10+,10+,10+,112
113,4,4,4,4,4,4,4,4,4,4,4,4,4,4,4,4,4,4,4,4,4,4,4,4,4,4,4,4,4,4,5,5,5,5,5,5,5,6,6,6,6,6,6,6,7,7,7,7,7,7,7,7,8,8,8,8,8,8,8,8,8,8,9,9,9,9,9,9,9,9,9,9,10+,10+,10+,10+,10+,10+,10+,10+,10+,10+,10+,10+,10+,10+,10+,10+,10+,10+,10+,10+,10+,10+,10+,10+,10+,10+,10+,10+,10+,10+,10+,10+,10+,10+,10+,10+,10+,10+,10+,10+,10+,10+,10+,10+,10+,10+,10+,10+,10+,10+,10+,10+,10+,10+,10+,10+,10+,10+,10+,10+,10+,10+,10+,10+,10+,10+,10+,10+,10+,10+,10+,10+,10+,10+,10+,10+,10+,10+,10+,10+,10+,10+,10+,10+,10+,10+,10+,10+,10+,10+,10+,10+,10+,10+,10+,10+,10+,10+,10+,10+,10+,10+,10+,10+,10+,10+,10+,10+,113
114,4,4,4,4,4,4,4,4,4,4,4,4,4,4,4,4,4,4,4,4,4,4,4,4,4,4,4,4,4,4,5,5,5,5,5,5,5,6,6,6,6,6,6,7,7,7,7,7,7,7,7,7,8,8,8,8,8,8,8,8,8,9,9,9,9,9,9,9,9,9,9,9,10+,10+,10+,10+,10+,10+,10+,10+,10+,10+,10+,10+,10+,10+,10+,10+,10+,10+,10+,10+,10+,10+,10+,10+,10+,10+,10+,10+,10+,10+,10+,10+,10+,10+,10+,10+,10+,10+,10+,10+,10+,10+,10+,10+,10+,10+,10+,10+,10+,10+,10+,10+,10+,10+,10+,10+,10+,10+,10+,10+,10+,10+,10+,10+,10+,10+,10+,10+,10+,10+,10+,10+,10+,10+,10+,10+,10+,10+,10+,10+,10+,10+,10+,10+,10+,10+,10+,10+,10+,10+,10+,10+,10+,10+,10+,10+,10+,10+,10+,10+,10+,10+,10+,10+,10+,10+,10+,10+,114
115,4,4,4,4,4,4,4,4,4,4,4,4,4,4,4,4,4,4,4,4,4,4,4,4,4,4,4,4,4,4,5,5,5,5,5,5,5,6,6,6,6,6,7,7,7,7,7,7,7,7,7,7,8,8,8,8,8,8,8,8,8,9,9,9,9,9,9,9,9,9,9,10+,10+,10+,10+,10+,10+,10+,10+,10+,10+,10+,10+,10+,10+,10+,10+,10+,10+,10+,10+,10+,10+,10+,10+,10+,10+,10+,10+,10+,10+,10+,10+,10+,10+,10+,10+,10+,10+,10+,10+,10+,10+,10+,10+,10+,10+,10+,10+,10+,10+,10+,10+,10+,10+,10+,10+,10+,10+,10+,10+,10+,10+,10+,10+,10+,10+,10+,10+,10+,10+,10+,10+,10+,10+,10+,10+,10+,10+,10+,10+,10+,10+,10+,10+,10+,10+,10+,10+,10+,10+,10+,10+,10+,10+,10+,10+,10+,10+,10+,10+,10+,10+,10+,10+,10+,10+,10+,10+,10+,115
116,4,4,4,4,4,4,4,4,4,4,4,4,4,4,4,4,4,4,4,4,4,4,4,4,4,4,4,4,4,4,5,5,5,5,5,5,6,6,6,6,6,6,7,7,7,7,7,7,7,7,7,7,8,8,8,8,8,8,8,8,9,9,9,9,9,9,9,9,9,9,10+,10+,10+,10+,10+,10+,10+,10+,10+,10+,10+,10+,10+,10+,10+,10+,10+,10+,10+,10+,10+,10+,10+,10+,10+,10+,10+,10+,10+,10+,10+,10+,10+,10+,10+,10+,10+,10+,10+,10+,10+,10+,10+,10+,10+,10+,10+,10+,10+,10+,10+,10+,10+,10+,10+,10+,10+,10+,10+,10+,10+,10+,10+,10+,10+,10+,10+,10+,10+,10+,10+,10+,10+,10+,10+,10+,10+,10+,10+,10+,10+,10+,10+,10+,10+,10+,10+,10+,10+,10+,10+,10+,10+,10+,10+,10+,10+,10+,10+,10+,10+,10+,10+,10+,10+,10+,10+,10+,10+,10+,116
117,4,4,4,4,4,4,4,4,4,4,4,4,4,4,4,4,4,4,4,4,4,4,4,4,4,4,4,4,4,5,5,5,5,5,5,5,6,6,6,6,6,7,7,7,7,7,7,7,7,7,7,8,8,8,8,8,8,8,8,8,9,9,9,9,9,9,9,9,9,10+,10+,10+,10+,10+,10+,10+,10+,10+,10+,10+,10+,10+,10+,10+,10+,10+,10+,10+,10+,10+,10+,10+,10+,10+,10+,10+,10+,10+,10+,10+,10+,10+,10+,10+,10+,10+,10+,10+,10+,10+,10+,10+,10+,10+,10+,10+,10+,10+,10+,10+,10+,10+,10+,10+,10+,10+,10+,10+,10+,10+,10+,10+,10+,10+,10+,10+,10+,10+,10+,10+,10+,10+,10+,10+,10+,10+,10+,10+,10+,10+,10+,10+,10+,10+,10+,10+,10+,10+,10+,10+,10+,10+,10+,10+,10+,10+,10+,10+,10+,10+,10+,10+,10+,10+,10+,10+,10+,10+,10+,10+,117
118,4,4,4,4,4,4,4,4,4,4,4,4,4,4,4,4,4,4,4,4,4,4,4,4,4,4,4,4,4,5,5,5,5,5,5,5,6,6,6,6,6,7,7,7,7,7,7,7,7,7,7,8,8,8,8,8,8,8,8,9,9,9,9,9,9,9,9,9,9,10+,10+,10+,10+,10+,10+,10+,10+,10+,10+,10+,10+,10+,10+,10+,10+,10+,10+,10+,10+,10+,10+,10+,10+,10+,10+,10+,10+,10+,10+,10+,10+,10+,10+,10+,10+,10+,10+,10+,10+,10+,10+,10+,10+,10+,10+,10+,10+,10+,10+,10+,10+,10+,10+,10+,10+,10+,10+,10+,10+,10+,10+,10+,10+,10+,10+,10+,10+,10+,10+,10+,10+,10+,10+,10+,10+,10+,10+,10+,10+,10+,10+,10+,10+,10+,10+,10+,10+,10+,10+,10+,10+,10+,10+,10+,10+,10+,10+,10+,10+,10+,10+,10+,10+,10+,10+,10+,10+,10+,10+,10+,118
119,4,4,4,4,4,4,4,4,4,4,4,4,4,4,4,4,4,4,4,4,4,4,4,4,4,4,4,4,4,5,5,5,5,5,5,6,6,6,6,6,6,7,7,7,7,7,7,7,7,7,8,8,8,8,8,8,8,8,8,9,9,9,9,9,9,9,9,9,10+,10+,10+,10+,10+,10+,10+,10+,10+,10+,10+,10+,10+,10+,10+,10+,10+,10+,10+,10+,10+,10+,10+,10+,10+,10+,10+,10+,10+,10+,10+,10+,10+,10+,10+,10+,10+,10+,10+,10+,10+,10+,10+,10+,10+,10+,10+,10+,10+,10+,10+,10+,10+,10+,10+,10+,10+,10+,10+,10+,10+,10+,10+,10+,10+,10+,10+,10+,10+,10+,10+,10+,10+,10+,10+,10+,10+,10+,10+,10+,10+,10+,10+,10+,10+,10+,10+,10+,10+,10+,10+,10+,10+,10+,10+,10+,10+,10+,10+,10+,10+,10+,10+,10+,10+,10+,10+,10+,10+,10+,10+,10+,119
120,5,5,5,5,5,5,5,5,5,5,5,5,5,5,5,5,5,5,5,5,5,5,5,5,5,5,5,5,5,5,5,5,5,5,5,6,6,6,6,6,6,7,7,7,7,7,7,7,7,7,8,8,8,8,8,8,8,8,8,9,9,9,9,9,9,9,9,9,10+,10+,10+,10+,10+,10+,10+,10+,10+,10+,10+,10+,10+,10+,10+,10+,10+,10+,10+,10+,10+,10+,10+,10+,10+,10+,10+,10+,10+,10+,10+,10+,10+,10+,10+,10+,10+,10+,10+,10+,10+,10+,10+,10+,10+,10+,10+,10+,10+,10+,10+,10+,10+,10+,10+,10+,10+,10+,10+,10+,10+,10+,10+,10+,10+,10+,10+,10+,10+,10+,10+,10+,10+,10+,10+,10+,10+,10+,10+,10+,10+,10+,10+,10+,10+,10+,10+,10+,10+,10+,10+,10+,10+,10+,10+,10+,10+,10+,10+,10+,10+,10+,10+,10+,10+,10+,10+,10+,10+,10+,10+,10+,120
121,5,5,5,5,5,5,5,5,5,5,5,5,5,5,5,5,5,5,5,5,5,5,5,5,5,5,5,5,5,5,5,5,5,5,5,6,6,6,6,6,7,7,7,7,7,7,7,7,7,7,8,8,8,8,8,8,8,8,9,9,9,9,9,9,9,9,9,9,10+,10+,10+,10+,10+,10+,10+,10+,10+,10+,10+,10+,10+,10+,10+,10+,10+,10+,10+,10+,10+,10+,10+,10+,10+,10+,10+,10+,10+,10+,10+,10+,10+,10+,10+,10+,10+,10+,10+,10+,10+,10+,10+,10+,10+,10+,10+,10+,10+,10+,10+,10+,10+,10+,10+,10+,10+,10+,10+,10+,10+,10+,10+,10+,10+,10+,10+,10+,10+,10+,10+,10+,10+,10+,10+,10+,10+,10+,10+,10+,10+,10+,10+,10+,10+,10+,10+,10+,10+,10+,10+,10+,10+,10+,10+,10+,10+,10+,10+,10+,10+,10+,10+,10+,10+,10+,10+,10+,10+,10+,10+,10+,121
122,5,5,5,5,5,5,5,5,5,5,5,5,5,5,5,5,5,5,5,5,5,5,5,5,5,5,5,5,5,5,5,5,5,5,6,6,6,6,6,6,7,7,7,7,7,7,7,7,7,8,8,8,8,8,8,8,8,9,9,9,9,9,9,9,9,9,9,10+,10+,10+,10+,10+,10+,10+,10+,10+,10+,10+,10+,10+,10+,10+,10+,10+,10+,10+,10+,10+,10+,10+,10+,10+,10+,10+,10+,10+,10+,10+,10+,10+,10+,10+,10+,10+,10+,10+,10+,10+,10+,10+,10+,10+,10+,10+,10+,10+,10+,10+,10+,10+,10+,10+,10+,10+,10+,10+,10+,10+,10+,10+,10+,10+,10+,10+,10+,10+,10+,10+,10+,10+,10+,10+,10+,10+,10+,10+,10+,10+,10+,10+,10+,10+,10+,10+,10+,10+,10+,10+,10+,10+,10+,10+,10+,10+,10+,10+,10+,10+,10+,10+,10+,10+,10+,10+,10+,10+,10+,10+,10+,10+,122
123,5,5,5,5,5,5,5,5,5,5,5,5,5,5,5,5,5,5,5,5,5,5,5,5,5,5,5,5,5,5,5,5,5,5,6,6,6,6,6,7,7,7,7,7,7,7,7,7,8,8,8,8,8,8,8,8,8,9,9,9,9,9,9,9,9,9,9,10+,10+,10+,10+,10+,10+,10+,10+,10+,10+,10+,10+,10+,10+,10+,10+,10+,10+,10+,10+,10+,10+,10+,10+,10+,10+,10+,10+,10+,10+,10+,10+,10+,10+,10+,10+,10+,10+,10+,10+,10+,10+,10+,10+,10+,10+,10+,10+,10+,10+,10+,10+,10+,10+,10+,10+,10+,10+,10+,10+,10+,10+,10+,10+,10+,10+,10+,10+,10+,10+,10+,10+,10+,10+,10+,10+,10+,10+,10+,10+,10+,10+,10+,10+,10+,10+,10+,10+,10+,10+,10+,10+,10+,10+,10+,10+,10+,10+,10+,10+,10+,10+,10+,10+,10+,10+,10+,10+,10+,10+,10+,10+,10+,123
124,5,5,5,5,5,5,5,5,5,5,5,5,5,5,5,5,5,5,5,5,5,5,5,5,5,5,5,5,5,5,5,5,5,5,6,6,6,6,6,7,7,7,7,7,7,7,7,8,8,8,8,8,8,8,8,8,9,9,9,9,9,9,9,9,9,9,10+,10+,10+,10+,10+,10+,10+,10+,10+,10+,10+,10+,10+,10+,10+,10+,10+,10+,10+,10+,10+,10+,10+,10+,10+,10+,10+,10+,10+,10+,10+,10+,10+,10+,10+,10+,10+,10+,10+,10+,10+,10+,10+,10+,10+,10+,10+,10+,10+,10+,10+,10+,10+,10+,10+,10+,10+,10+,10+,10+,10+,10+,10+,10+,10+,10+,10+,10+,10+,10+,10+,10+,10+,10+,10+,10+,10+,10+,10+,10+,10+,10+,10+,10+,10+,10+,10+,10+,10+,10+,10+,10+,10+,10+,10+,10+,10+,10+,10+,10+,10+,10+,10+,10+,10+,10+,10+,10+,10+,10+,10+,10+,10+,10+,124
125,5,5,5,5,5,5,5,5,5,5,5,5,5,5,5,5,5,5,5,5,5,5,5,5,5,5,5,5,5,5,5,5,5,6,6,6,6,6,7,7,7,7,7,7,7,7,7,8,8,8,8,8,8,8,8,8,9,9,9,9,9,9,9,9,9,9,10+,10+,10+,10+,10+,10+,10+,10+,10+,10+,10+,10+,10+,10+,10+,10+,10+,10+,10+,10+,10+,10+,10+,10+,10+,10+,10+,10+,10+,10+,10+,10+,10+,10+,10+,10+,10+,10+,10+,10+,10+,10+,10+,10+,10+,10+,10+,10+,10+,10+,10+,10+,10+,10+,10+,10+,10+,10+,10+,10+,10+,10+,10+,10+,10+,10+,10+,10+,10+,10+,10+,10+,10+,10+,10+,10+,10+,10+,10+,10+,10+,10+,10+,10+,10+,10+,10+,10+,10+,10+,10+,10+,10+,10+,10+,10+,10+,10+,10+,10+,10+,10+,10+,10+,10+,10+,10+,10+,10+,10+,10+,10+,10+,10+,125
126,5,5,5,5,5,5,5,5,5,5,5,5,5,5,5,5,5,5,5,5,5,5,5,5,5,5,5,5,5,5,5,5,5,6,6,6,6,6,7,7,7,7,7,7,7,7,7,8,8,8,8,8,8,8,8,9,9,9,9,9,9,9,9,9,9,10+,10+,10+,10+,10+,10+,10+,10+,10+,10+,10+,10+,10+,10+,10+,10+,10+,10+,10+,10+,10+,10+,10+,10+,10+,10+,10+,10+,10+,10+,10+,10+,10+,10+,10+,10+,10+,10+,10+,10+,10+,10+,10+,10+,10+,10+,10+,10+,10+,10+,10+,10+,10+,10+,10+,10+,10+,10+,10+,10+,10+,10+,10+,10+,10+,10+,10+,10+,10+,10+,10+,10+,10+,10+,10+,10+,10+,10+,10+,10+,10+,10+,10+,10+,10+,10+,10+,10+,10+,10+,10+,10+,10+,10+,10+,10+,10+,10+,10+,10+,10+,10+,10+,10+,10+,10+,10+,10+,10+,10+,10+,10+,10+,10+,10+,126
127,5,5,5,5,5,5,5,5,5,5,5,5,5,5,5,5,5,5,5,5,5,5,5,5,5,5,5,5,5,5,5,5,5,6,6,6,6,6,7,7,7,7,7,7,7,7,8,8,8,8,8,8,8,8,8,9,9,9,9,9,9,9,9,10+,10+,10+,10+,10+,10+,10+,10+,10+,10+,10+,10+,10+,10+,10+,10+,10+,10+,10+,10+,10+,10+,10+,10+,10+,10+,10+,10+,10+,10+,10+,10+,10+,10+,10+,10+,10+,10+,10+,10+,10+,10+,10+,10+,10+,10+,10+,10+,10+,10+,10+,10+,10+,10+,10+,10+,10+,10+,10+,10+,10+,10+,10+,10+,10+,10+,10+,10+,10+,10+,10+,10+,10+,10+,10+,10+,10+,10+,10+,10+,10+,10+,10+,10+,10+,10+,10+,10+,10+,10+,10+,10+,10+,10+,10+,10+,10+,10+,10+,10+,10+,10+,10+,10+,10+,10+,10+,10+,10+,10+,10+,10+,10+,10+,10+,10+,10+,127
128,5,5,5,5,5,5,5,5,5,5,5,5,5,5,5,5,5,5,5,5,5,5,5,5,5,5,5,5,5,5,5,5,6,6,6,6,6,7,7,7,7,7,7,7,7,7,8,8,8,8,8,8,8,8,8,9,9,9,9,9,9,9,10+,10+,10+,10+,10+,10+,10+,10+,10+,10+,10+,10+,10+,10+,10+,10+,10+,10+,10+,10+,10+,10+,10+,10+,10+,10+,10+,10+,10+,10+,10+,10+,10+,10+,10+,10+,10+,10+,10+,10+,10+,10+,10+,10+,10+,10+,10+,10+,10+,10+,10+,10+,10+,10+,10+,10+,10+,10+,10+,10+,10+,10+,10+,10+,10+,10+,10+,10+,10+,10+,10+,10+,10+,10+,10+,10+,10+,10+,10+,10+,10+,10+,10+,10+,10+,10+,10+,10+,10+,10+,10+,10+,10+,10+,10+,10+,10+,10+,10+,10+,10+,10+,10+,10+,10+,10+,10+,10+,10+,10+,10+,10+,10+,10+,10+,10+,10+,10+,128
129,5,5,5,5,5,5,5,5,5,5,5,5,5,5,5,5,5,5,5,5,5,5,5,5,5,5,5,5,5,5,5,5,6,6,6,6,6,7,7,7,7,7,7,7,7,7,8,8,8,8,8,8,8,8,9,9,9,9,9,9,9,9,10+,10+,10+,10+,10+,10+,10+,10+,10+,10+,10+,10+,10+,10+,10+,10+,10+,10+,10+,10+,10+,10+,10+,10+,10+,10+,10+,10+,10+,10+,10+,10+,10+,10+,10+,10+,10+,10+,10+,10+,10+,10+,10+,10+,10+,10+,10+,10+,10+,10+,10+,10+,10+,10+,10+,10+,10+,10+,10+,10+,10+,10+,10+,10+,10+,10+,10+,10+,10+,10+,10+,10+,10+,10+,10+,10+,10+,10+,10+,10+,10+,10+,10+,10+,10+,10+,10+,10+,10+,10+,10+,10+,10+,10+,10+,10+,10+,10+,10+,10+,10+,10+,10+,10+,10+,10+,10+,10+,10+,10+,10+,10+,10+,10+,10+,10+,10+,10+,129
130,5,5,5,5,5,5,5,5,5,5,5,5,5,5,5,5,5,5,5,5,5,5,5,5,5,5,5,5,5,5,5,5,6,6,6,6,6,7,7,7,7,7,7,7,7,8,8,8,8,8,8,8,8,9,9,9,9,9,9,9,9,9,10+,10+,10+,10+,10+,10+,10+,10+,10+,10+,10+,10+,10+,10+,10+,10+,10+,10+,10+,10+,10+,10+,10+,10+,10+,10+,10+,10+,10+,10+,10+,10+,10+,10+,10+,10+,10+,10+,10+,10+,10+,10+,10+,10+,10+,10+,10+,10+,10+,10+,10+,10+,10+,10+,10+,10+,10+,10+,10+,10+,10+,10+,10+,10+,10+,10+,10+,10+,10+,10+,10+,10+,10+,10+,10+,10+,10+,10+,10+,10+,10+,10+,10+,10+,10+,10+,10+,10+,10+,10+,10+,10+,10+,10+,10+,10+,10+,10+,10+,10+,10+,10+,10+,10+,10+,10+,10+,10+,10+,10+,10+,10+,10+,10+,10+,10+,10+,10+,130
131,5,5,5,5,5,5,5,5,5,5,5,5,5,5,5,5,5,5,5,5,5,5,5,5,5,5,5,5,5,5,5,5,6,6,6,6,6,7,7,7,7,7,7,7,7,8,8,8,8,8,8,8,9,9,9,9,9,9,9,9,9,10+,10+,10+,10+,10+,10+,10+,10+,10+,10+,10+,10+,10+,10+,10+,10+,10+,10+,10+,10+,10+,10+,10+,10+,10+,10+,10+,10+,10+,10+,10+,10+,10+,10+,10+,10+,10+,10+,10+,10+,10+,10+,10+,10+,10+,10+,10+,10+,10+,10+,10+,10+,10+,10+,10+,10+,10+,10+,10+,10+,10+,10+,10+,10+,10+,10+,10+,10+,10+,10+,10+,10+,10+,10+,10+,10+,10+,10+,10+,10+,10+,10+,10+,10+,10+,10+,10+,10+,10+,10+,10+,10+,10+,10+,10+,10+,10+,10+,10+,10+,10+,10+,10+,10+,10+,10+,10+,10+,10+,10+,10+,10+,10+,10+,10+,10+,10+,10+,10+,131
132,5,5,5,5,5,5,5,5,5,5,5,5,5,5,5,5,5,5,5,5,5,5,5,5,5,5,5,5,5,5,5,6,6,6,6,6,7,7,7,7,7,7,7,7,7,8,8,8,8,8,8,8,9,9,9,9,9,9,9,9,10+,10+,10+,10+,10+,10+,10+,10+,10+,10+,10+,10+,10+,10+,10+,10+,10+,10+,10+,10+,10+,10+,10+,10+,10+,10+,10+,10+,10+,10+,10+,10+,10+,10+,10+,10+,10+,10+,10+,10+,10+,10+,10+,10+,10+,10+,10+,10+,10+,10+,10+,10+,10+,10+,10+,10+,10+,10+,10+,10+,10+,10+,10+,10+,10+,10+,10+,10+,10+,10+,10+,10+,10+,10+,10+,10+,10+,10+,10+,10+,10+,10+,10+,10+,10+,10+,10+,10+,10+,10+,10+,10+,10+,10+,10+,10+,10+,10+,10+,10+,10+,10+,10+,10+,10+,10+,10+,10+,10+,10+,10+,10+,10+,10+,10+,10+,10+,10+,10+,10+,132
133,5,5,5,5,5,5,5,5,5,5,5,5,5,5,5,5,5,5,5,5,5,5,5,5,5,5,5,5,5,5,5,6,6,6,6,6,7,7,7,7,7,7,7,7,8,8,8,8,8,8,8,8,9,9,9,9,9,9,9,9,10+,10+,10+,10+,10+,10+,10+,10+,10+,10+,10+,10+,10+,10+,10+,10+,10+,10+,10+,10+,10+,10+,10+,10+,10+,10+,10+,10+,10+,10+,10+,10+,10+,10+,10+,10+,10+,10+,10+,10+,10+,10+,10+,10+,10+,10+,10+,10+,10+,10+,10+,10+,10+,10+,10+,10+,10+,10+,10+,10+,10+,10+,10+,10+,10+,10+,10+,10+,10+,10+,10+,10+,10+,10+,10+,10+,10+,10+,10+,10+,10+,10+,10+,10+,10+,10+,10+,10+,10+,10+,10+,10+,10+,10+,10+,10+,10+,10+,10+,10+,10+,10+,10+,10+,10+,10+,10+,10+,10+,10+,10+,10+,10+,10+,10+,10+,10+,10+,10+,10+,133
134,5,5,5,5,5,5,5,5,5,5,5,5,5,5,5,5,5,5,5,5,5,5,5,5,5,5,5,5,5,5,5,6,6,6,6,6,7,7,7,7,7,7,7,7,8,8,8,8,8,8,8,9,9,9,9,9,9,9,9,10+,10+,10+,10+,10+,10+,10+,10+,10+,10+,10+,10+,10+,10+,10+,10+,10+,10+,10+,10+,10+,10+,10+,10+,10+,10+,10+,10+,10+,10+,10+,10+,10+,10+,10+,10+,10+,10+,10+,10+,10+,10+,10+,10+,10+,10+,10+,10+,10+,10+,10+,10+,10+,10+,10+,10+,10+,10+,10+,10+,10+,10+,10+,10+,10+,10+,10+,10+,10+,10+,10+,10+,10+,10+,10+,10+,10+,10+,10+,10+,10+,10+,10+,10+,10+,10+,10+,10+,10+,10+,10+,10+,10+,10+,10+,10+,10+,10+,10+,10+,10+,10+,10+,10+,10+,10+,10+,10+,10+,10+,10+,10+,10+,10+,10+,10+,10+,10+,10+,10+,10+,134
135,5,5,5,5,5,5,5,5,5,5,5,5,5,5,5,5,5,5,5,5,5,5,5,5,5,5,5,5,5,5,5,6,6,6,6,6,7,7,7,7,7,7,7,8,8,8,8,8,8,8,8,9,9,9,9,9,9,9,9,10+,10+,10+,10+,10+,10+,10+,10+,10+,10+,10+,10+,10+,10+,10+,10+,10+,10+,10+,10+,10+,10+,10+,10+,10+,10+,10+,10+,10+,10+,10+,10+,10+,10+,10+,10+,10+,10+,10+,10+,10+,10+,10+,10+,10+,10+,10+,10+,10+,10+,10+,10+,10+,10+,10+,10+,10+,10+,10+,10+,10+,10+,10+,10+,10+,10+,10+,10+,10+,10+,10+,10+,10+,10+,10+,10+,10+,10+,10+,10+,10+,10+,10+,10+,10+,10+,10+,10+,10+,10+,10+,10+,10+,10+,10+,10+,10+,10+,10+,10+,10+,10+,10+,10+,10+,10+,10+,10+,10+,10+,10+,10+,10+,10+,10+,10+,10+,10+,10+,10+,10+,135
136,5,5,5,5,5,5,5,5,5,5,5,5,5,5,5,5,5,5,5,5,5,5,5,5,5,5,5,5,5,5,5,6,6,6,6,7,7,7,7,7,7,7,7,8,8,8,8,8,8,8,8,9,9,9,9,9,9,9,9,10+,10+,10+,10+,10+,10+,10+,10+,10+,10+,10+,10+,10+,10+,10+,10+,10+,10+,10+,10+,10+,10+,10+,10+,10+,10+,10+,10+,10+,10+,10+,10+,10+,10+,10+,10+,10+,10+,10+,10+,10+,10+,10+,10+,10+,10+,10+,10+,10+,10+,10+,10+,10+,10+,10+,10+,10+,10+,10+,10+,10+,10+,10+,10+,10+,10+,10+,10+,10+,10+,10+,10+,10+,10+,10+,10+,10+,10+,10+,10+,10+,10+,10+,10+,10+,10+,10+,10+,10+,10+,10+,10+,10+,10+,10+,10+,10+,10+,10+,10+,10+,10+,10+,10+,10+,10+,10+,10+,10+,10+,10+,10+,10+,10+,10+,10+,10+,10+,10+,10+,10+,136
137,5,5,5,5,5,5,5,5,5,5,5,5,5,5,5,5,5,5,5,5,5,5,5,5,5,5,5,5,5,5,5,6,6,6,6,7,7,7,7,7,7,7,7,8,8,8,8,8,8,8,9,9,9,9,9,9,9,9,10+,10+,10+,10+,10+,10+,10+,10+,10+,10+,10+,10+,10+,10+,10+,10+,10+,10+,10+,10+,10+,10+,10+,10+,10+,10+,10+,10+,10+,10+,10+,10+,10+,10+,10+,10+,10+,10+,10+,10+,10+,10+,10+,10+,10+,10+,10+,10+,10+,10+,10+,10+,10+,10+,10+,10+,10+,10+,10+,10+,10+,10+,10+,10+,10+,10+,10+,10+,10+,10+,10+,10+,10+,10+,10+,10+,10+,10+,10+,10+,10+,10+,10+,10+,10+,10+,10+,10+,10+,10+,10+,10+,10+,10+,10+,10+,10+,10+,10+,10+,10+,10+,10+,10+,10+,10+,10+,10+,10+,10+,10+,10+,10+,10+,10+,10+,10+,10+,10+,10+,10+,10+,137
138,5,5,5,5,5,5,5,5,5,5,5,5,5,5,5,5,5,5,5,5,5,5,5,5,5,5,5,5,5,5,5,6,6,6,6,7,7,7,7,7,7,7,8,8,8,8,8,8,8,8,9,9,9,9,9,9,9,9,10+,10+,10+,10+,10+,10+,10+,10+,10+,10+,10+,10+,10+,10+,10+,10+,10+,10+,10+,10+,10+,10+,10+,10+,10+,10+,10+,10+,10+,10+,10+,10+,10+,10+,10+,10+,10+,10+,10+,10+,10+,10+,10+,10+,10+,10+,10+,10+,10+,10+,10+,10+,10+,10+,10+,10+,10+,10+,10+,10+,10+,10+,10+,10+,10+,10+,10+,10+,10+,10+,10+,10+,10+,10+,10+,10+,10+,10+,10+,10+,10+,10+,10+,10+,10+,10+,10+,10+,10+,10+,10+,10+,10+,10+,10+,10+,10+,10+,10+,10+,10+,10+,10+,10+,10+,10+,10+,10+,10+,10+,10+,10+,10+,10+,10+,10+,10+,10+,10+,10+,10+,10+,138
139,5,5,5,5,5,5,5,5,5,5,5,5,5,5,5,5,5,5,5,5,5,5,5,5,5,5,5,5,5,5,5,6,6,6,7,7,7,7,7,7,7,7,8,8,8,8,8,8,8,9,9,9,9,9,9,9,9,10+,10+,10+,10+,10+,10+,10+,10+,10+,10+,10+,10+,10+,10+,10+,10+,10+,10+,10+,10+,10+,10+,10+,10+,10+,10+,10+,10+,10+,10+,10+,10+,10+,10+,10+,10+,10+,10+,10+,10+,10+,10+,10+,10+,10+,10+,10+,10+,10+,10+,10+,10+,10+,10+,10+,10+,10+,10+,10+,10+,10+,10+,10+,10+,10+,10+,10+,10+,10+,10+,10+,10+,10+,10+,10+,10+,10+,10+,10+,10+,10+,10+,10+,10+,10+,10+,10+,10+,10+,10+,10+,10+,10+,10+,10+,10+,10+,10+,10+,10+,10+,10+,10+,10+,10+,10+,10+,10+,10+,10+,10+,10+,10+,10+,10+,10+,10+,10+,10+,10+,10+,10+,10+,139
140,5,5,5,5,5,5,5,5,5,5,5,5,5,5,5,5,5,5,5,5,5,5,5,5,5,5,5,5,5,5,5,6,6,6,7,7,7,7,7,7,7,7,8,8,8,8,8,8,8,9,9,9,9,9,9,9,9,10+,10+,10+,10+,10+,10+,10+,10+,10+,10+,10+,10+,10+,10+,10+,10+,10+,10+,10+,10+,10+,10+,10+,10+,10+,10+,10+,10+,10+,10+,10+,10+,10+,10+,10+,10+,10+,10+,10+,10+,10+,10+,10+,10+,10+,10+,10+,10+,10+,10+,10+,10+,10+,10+,10+,10+,10+,10+,10+,10+,10+,10+,10+,10+,10+,10+,10+,10+,10+,10+,10+,10+,10+,10+,10+,10+,10+,10+,10+,10+,10+,10+,10+,10+,10+,10+,10+,10+,10+,10+,10+,10+,10+,10+,10+,10+,10+,10+,10+,10+,10+,10+,10+,10+,10+,10+,10+,10+,10+,10+,10+,10+,10+,10+,10+,10+,10+,10+,10+,10+,10+,10+,10+,140
141,5,5,5,5,5,5,5,5,5,5,5,5,5,5,5,5,5,5,5,5,5,5,5,5,5,5,5,5,5,5,6,6,6,6,7,7,7,7,7,7,7,7,8,8,8,8,8,8,9,9,9,9,9,9,9,9,9,10+,10+,10+,10+,10+,10+,10+,10+,10+,10+,10+,10+,10+,10+,10+,10+,10+,10+,10+,10+,10+,10+,10+,10+,10+,10+,10+,10+,10+,10+,10+,10+,10+,10+,10+,10+,10+,10+,10+,10+,10+,10+,10+,10+,10+,10+,10+,10+,10+,10+,10+,10+,10+,10+,10+,10+,10+,10+,10+,10+,10+,10+,10+,10+,10+,10+,10+,10+,10+,10+,10+,10+,10+,10+,10+,10+,10+,10+,10+,10+,10+,10+,10+,10+,10+,10+,10+,10+,10+,10+,10+,10+,10+,10+,10+,10+,10+,10+,10+,10+,10+,10+,10+,10+,10+,10+,10+,10+,10+,10+,10+,10+,10+,10+,10+,10+,10+,10+,10+,10+,10+,10+,10+,141
142,5,5,5,5,5,5,5,5,5,5,5,5,5,5,5,5,5,5,5,5,5,5,5,5,5,5,5,5,5,5,6,6,6,6,7,7,7,7,7,7,7,7,8,8,8,8,8,8,9,9,9,9,9,9,9,9,9,10+,10+,10+,10+,10+,10+,10+,10+,10+,10+,10+,10+,10+,10+,10+,10+,10+,10+,10+,10+,10+,10+,10+,10+,10+,10+,10+,10+,10+,10+,10+,10+,10+,10+,10+,10+,10+,10+,10+,10+,10+,10+,10+,10+,10+,10+,10+,10+,10+,10+,10+,10+,10+,10+,10+,10+,10+,10+,10+,10+,10+,10+,10+,10+,10+,10+,10+,10+,10+,10+,10+,10+,10+,10+,10+,10+,10+,10+,10+,10+,10+,10+,10+,10+,10+,10+,10+,10+,10+,10+,10+,10+,10+,10+,10+,10+,10+,10+,10+,10+,10+,10+,10+,10+,10+,10+,10+,10+,10+,10+,10+,10+,10+,10+,10+,10+,10+,10+,10+,10+,10+,10+,10+,142
143,5,5,5,5,5,5,5,5,5,5,5,5,5,5,5,5,5,5,5,5,5,5,5,5,5,5,5,5,5,5,6,6,6,6,7,7,7,7,7,7,7,8,8,8,8,8,8,8,9,9,9,9,9,9,9,9,10+,10+,10+,10+,10+,10+,10+,10+,10+,10+,10+,10+,10+,10+,10+,10+,10+,10+,10+,10+,10+,10+,10+,10+,10+,10+,10+,10+,10+,10+,10+,10+,10+,10+,10+,10+,10+,10+,10+,10+,10+,10+,10+,10+,10+,10+,10+,10+,10+,10+,10+,10+,10+,10+,10+,10+,10+,10+,10+,10+,10+,10+,10+,10+,10+,10+,10+,10+,10+,10+,10+,10+,10+,10+,10+,10+,10+,10+,10+,10+,10+,10+,10+,10+,10+,10+,10+,10+,10+,10+,10+,10+,10+,10+,10+,10+,10+,10+,10+,10+,10+,10+,10+,10+,10+,10+,10+,10+,10+,10+,10+,10+,10+,10+,10+,10+,10+,10+,10+,10+,10+,10+,10+,10+,143
144,5,5,5,5,5,5,5,5,5,5,5,5,5,5,5,5,5,5,5,5,5,5,5,5,5,5,5,5,5,5,6,6,6,7,7,7,7,7,7,7,7,8,8,8,8,8,8,9,9,9,9,9,9,9,9,9,10+,10+,10+,10+,10+,10+,10+,10+,10+,10+,10+,10+,10+,10+,10+,10+,10+,10+,10+,10+,10+,10+,10+,10+,10+,10+,10+,10+,10+,10+,10+,10+,10+,10+,10+,10+,10+,10+,10+,10+,10+,10+,10+,10+,10+,10+,10+,10+,10+,10+,10+,10+,10+,10+,10+,10+,10+,10+,10+,10+,10+,10+,10+,10+,10+,10+,10+,10+,10+,10+,10+,10+,10+,10+,10+,10+,10+,10+,10+,10+,10+,10+,10+,10+,10+,10+,10+,10+,10+,10+,10+,10+,10+,10+,10+,10+,10+,10+,10+,10+,10+,10+,10+,10+,10+,10+,10+,10+,10+,10+,10+,10+,10+,10+,10+,10+,10+,10+,10+,10+,10+,10+,10+,10+,144
145,5,5,5,5,5,5,5,5,5,5,5,5,5,5,5,5,5,5,5,5,5,5,5,5,5,5,5,5,5,5,6,6,6,7,7,7,7,7,7,7,7,8,8,8,8,8,8,9,9,9,9,9,9,9,9,9,10+,10+,10+,10+,10+,10+,10+,10+,10+,10+,10+,10+,10+,10+,10+,10+,10+,10+,10+,10+,10+,10+,10+,10+,10+,10+,10+,10+,10+,10+,10+,10+,10+,10+,10+,10+,10+,10+,10+,10+,10+,10+,10+,10+,10+,10+,10+,10+,10+,10+,10+,10+,10+,10+,10+,10+,10+,10+,10+,10+,10+,10+,10+,10+,10+,10+,10+,10+,10+,10+,10+,10+,10+,10+,10+,10+,10+,10+,10+,10+,10+,10+,10+,10+,10+,10+,10+,10+,10+,10+,10+,10+,10+,10+,10+,10+,10+,10+,10+,10+,10+,10+,10+,10+,10+,10+,10+,10+,10+,10+,10+,10+,10+,10+,10+,10+,10+,10+,10+,10+,10+,10+,10+,10+,145
146,5,5,5,5,5,5,5,5,5,5,5,5,5,5,5,5,5,5,5,5,5,5,5,5,5,5,5,5,5,5,6,6,6,7,7,7,7,7,7,7,7,8,8,8,8,8,8,9,9,9,9,9,9,9,9,10+,10+,10+,10+,10+,10+,10+,10+,10+,10+,10+,10+,10+,10+,10+,10+,10+,10+,10+,10+,10+,10+,10+,10+,10+,10+,10+,10+,10+,10+,10+,10+,10+,10+,10+,10+,10+,10+,10+,10+,10+,10+,10+,10+,10+,10+,10+,10+,10+,10+,10+,10+,10+,10+,10+,10+,10+,10+,10+,10+,10+,10+,10+,10+,10+,10+,10+,10+,10+,10+,10+,10+,10+,10+,10+,10+,10+,10+,10+,10+,10+,10+,10+,10+,10+,10+,10+,10+,10+,10+,10+,10+,10+,10+,10+,10+,10+,10+,10+,10+,10+,10+,10+,10+,10+,10+,10+,10+,10+,10+,10+,10+,10+,10+,10+,10+,10+,10+,10+,10+,10+,10+,10+,10+,10+,146
147,5,5,5,5,5,5,5,5,5,5,5,5,5,5,5,5,5,5,5,5,5,5,5,5,5,5,5,5,5,5,6,6,6,7,7,7,7,7,7,7,8,8,8,8,8,8,9,9,9,9,9,9,9,9,9,10+,10+,10+,10+,10+,10+,10+,10+,10+,10+,10+,10+,10+,10+,10+,10+,10+,10+,10+,10+,10+,10+,10+,10+,10+,10+,10+,10+,10+,10+,10+,10+,10+,10+,10+,10+,10+,10+,10+,10+,10+,10+,10+,10+,10+,10+,10+,10+,10+,10+,10+,10+,10+,10+,10+,10+,10+,10+,10+,10+,10+,10+,10+,10+,10+,10+,10+,10+,10+,10+,10+,10+,10+,10+,10+,10+,10+,10+,10+,10+,10+,10+,10+,10+,10+,10+,10+,10+,10+,10+,10+,10+,10+,10+,10+,10+,10+,10+,10+,10+,10+,10+,10+,10+,10+,10+,10+,10+,10+,10+,10+,10+,10+,10+,10+,10+,10+,10+,10+,10+,10+,10+,10+,10+,10+,147
148,5,5,5,5,5,5,5,5,5,5,5,5,5,5,5,5,5,5,5,5,5,5,5,5,5,5,5,5,5,5,6,6,7,7,7,7,7,7,7,7,8,8,8,8,8,8,9,9,9,9,9,9,9,9,10+,10+,10+,10+,10+,10+,10+,10+,10+,10+,10+,10+,10+,10+,10+,10+,10+,10+,10+,10+,10+,10+,10+,10+,10+,10+,10+,10+,10+,10+,10+,10+,10+,10+,10+,10+,10+,10+,10+,10+,10+,10+,10+,10+,10+,10+,10+,10+,10+,10+,10+,10+,10+,10+,10+,10+,10+,10+,10+,10+,10+,10+,10+,10+,10+,10+,10+,10+,10+,10+,10+,10+,10+,10+,10+,10+,10+,10+,10+,10+,10+,10+,10+,10+,10+,10+,10+,10+,10+,10+,10+,10+,10+,10+,10+,10+,10+,10+,10+,10+,10+,10+,10+,10+,10+,10+,10+,10+,10+,10+,10+,10+,10+,10+,10+,10+,10+,10+,10+,10+,10+,10+,10+,10+,10+,10+,148
149,5,5,5,5,5,5,5,5,5,5,5,5,5,5,5,5,5,5,5,5,5,5,5,5,5,5,5,5,5,5,6,6,7,7,7,7,7,7,7,7,8,8,8,8,8,8,9,9,9,9,9,9,9,10+,10+,10+,10+,10+,10+,10+,10+,10+,10+,10+,10+,10+,10+,10+,10+,10+,10+,10+,10+,10+,10+,10+,10+,10+,10+,10+,10+,10+,10+,10+,10+,10+,10+,10+,10+,10+,10+,10+,10+,10+,10+,10+,10+,10+,10+,10+,10+,10+,10+,10+,10+,10+,10+,10+,10+,10+,10+,10+,10+,10+,10+,10+,10+,10+,10+,10+,10+,10+,10+,10+,10+,10+,10+,10+,10+,10+,10+,10+,10+,10+,10+,10+,10+,10+,10+,10+,10+,10+,10+,10+,10+,10+,10+,10+,10+,10+,10+,10+,10+,10+,10+,10+,10+,10+,10+,10+,10+,10+,10+,10+,10+,10+,10+,10+,10+,10+,10+,10+,10+,10+,10+,10+,10+,10+,10+,10+,149
150,6,6,6,6,6,6,6,6,6,6,6,6,6,6,6,6,6,6,6,6,6,6,6,6,6,6,6,6,6,6,6,6,7,7,7,7,7,7,7,7,8,8,8,8,8,8,9,9,9,9,9,9,9,10+,10+,10+,10+,10+,10+,10+,10+,10+,10+,10+,10+,10+,10+,10+,10+,10+,10+,10+,10+,10+,10+,10+,10+,10+,10+,10+,10+,10+,10+,10+,10+,10+,10+,10+,10+,10+,10+,10+,10+,10+,10+,10+,10+,10+,10+,10+,10+,10+,10+,10+,10+,10+,10+,10+,10+,10+,10+,10+,10+,10+,10+,10+,10+,10+,10+,10+,10+,10+,10+,10+,10+,10+,10+,10+,10+,10+,10+,10+,10+,10+,10+,10+,10+,10+,10+,10+,10+,10+,10+,10+,10+,10+,10+,10+,10+,10+,10+,10+,10+,10+,10+,10+,10+,10+,10+,10+,10+,10+,10+,10+,10+,10+,10+,10+,10+,10+,10+,10+,10+,10+,10+,10+,10+,10+,10+,10+,150
151,6,6,6,6,6,6,6,6,6,6,6,6,6,6,6,6,6,6,6,6,6,6,6,6,6,6,6,6,6,6,6,6,7,7,7,7,7,7,7,7,8,8,8,8,8,8,9,9,9,9,9,9,9,10+,10+,10+,10+,10+,10+,10+,10+,10+,10+,10+,10+,10+,10+,10+,10+,10+,10+,10+,10+,10+,10+,10+,10+,10+,10+,10+,10+,10+,10+,10+,10+,10+,10+,10+,10+,10+,10+,10+,10+,10+,10+,10+,10+,10+,10+,10+,10+,10+,10+,10+,10+,10+,10+,10+,10+,10+,10+,10+,10+,10+,10+,10+,10+,10+,10+,10+,10+,10+,10+,10+,10+,10+,10+,10+,10+,10+,10+,10+,10+,10+,10+,10+,10+,10+,10+,10+,10+,10+,10+,10+,10+,10+,10+,10+,10+,10+,10+,10+,10+,10+,10+,10+,10+,10+,10+,10+,10+,10+,10+,10+,10+,10+,10+,10+,10+,10+,10+,10+,10+,10+,10+,10+,10+,10+,10+,10+,151
152,6,6,6,6,6,6,6,6,6,6,6,6,6,6,6,6,6,6,6,6,6,6,6,6,6,6,6,6,6,6,6,6,7,7,7,7,7,7,7,8,8,8,8,8,8,9,9,9,9,9,9,9,10+,10+,10+,10+,10+,10+,10+,10+,10+,10+,10+,10+,10+,10+,10+,10+,10+,10+,10+,10+,10+,10+,10+,10+,10+,10+,10+,10+,10+,10+,10+,10+,10+,10+,10+,10+,10+,10+,10+,10+,10+,10+,10+,10+,10+,10+,10+,10+,10+,10+,10+,10+,10+,10+,10+,10+,10+,10+,10+,10+,10+,10+,10+,10+,10+,10+,10+,10+,10+,10+,10+,10+,10+,10+,10+,10+,10+,10+,10+,10+,10+,10+,10+,10+,10+,10+,10+,10+,10+,10+,10+,10+,10+,10+,10+,10+,10+,10+,10+,10+,10+,10+,10+,10+,10+,10+,10+,10+,10+,10+,10+,10+,10+,10+,10+,10+,10+,10+,10+,10+,10+,10+,10+,10+,10+,10+,10+,10+,152
153,6,6,6,6,6,6,6,6,6,6,6,6,6,6,6,6,6,6,6,6,6,6,6,6,6,6,6,6,6,6,6,7,7,7,7,7,7,7,7,8,8,8,8,8,8,9,9,9,9,9,9,9,10+,10+,10+,10+,10+,10+,10+,10+,10+,10+,10+,10+,10+,10+,10+,10+,10+,10+,10+,10+,10+,10+,10+,10+,10+,10+,10+,10+,10+,10+,10+,10+,10+,10+,10+,10+,10+,10+,10+,10+,10+,10+,10+,10+,10+,10+,10+,10+,10+,10+,10+,10+,10+,10+,10+,10+,10+,10+,10+,10+,10+,10+,10+,10+,10+,10+,10+,10+,10+,10+,10+,10+,10+,10+,10+,10+,10+,10+,10+,10+,10+,10+,10+,10+,10+,10+,10+,10+,10+,10+,10+,10+,10+,10+,10+,10+,10+,10+,10+,10+,10+,10+,10+,10+,10+,10+,10+,10+,10+,10+,10+,10+,10+,10+,10+,10+,10+,10+,10+,10+,10+,10+,10+,10+,10+,10+,10+,10+,153
154,6,6,6,6,6,6,6,6,6,6,6,6,6,6,6,6,6,6,6,6,6,6,6,6,6,6,6,6,6,6,6,7,7,7,7,7,7,7,7,8,8,8,8,8,8,9,9,9,9,9,9,9,10+,10+,10+,10+,10+,10+,10+,10+,10+,10+,10+,10+,10+,10+,10+,10+,10+,10+,10+,10+,10+,10+,10+,10+,10+,10+,10+,10+,10+,10+,10+,10+,10+,10+,10+,10+,10+,10+,10+,10+,10+,10+,10+,10+,10+,10+,10+,10+,10+,10+,10+,10+,10+,10+,10+,10+,10+,10+,10+,10+,10+,10+,10+,10+,10+,10+,10+,10+,10+,10+,10+,10+,10+,10+,10+,10+,10+,10+,10+,10+,10+,10+,10+,10+,10+,10+,10+,10+,10+,10+,10+,10+,10+,10+,10+,10+,10+,10+,10+,10+,10+,10+,10+,10+,10+,10+,10+,10+,10+,10+,10+,10+,10+,10+,10+,10+,10+,10+,10+,10+,10+,10+,10+,10+,10+,10+,10+,10+,154
155,6,6,6,6,6,6,6,6,6,6,6,6,6,6,6,6,6,6,6,6,6,6,6,6,6,6,6,6,6,6,6,7,7,7,7,7,7,7,7,8,8,8,8,8,8,9,9,9,9,9,9,9,10+,10+,10+,10+,10+,10+,10+,10+,10+,10+,10+,10+,10+,10+,10+,10+,10+,10+,10+,10+,10+,10+,10+,10+,10+,10+,10+,10+,10+,10+,10+,10+,10+,10+,10+,10+,10+,10+,10+,10+,10+,10+,10+,10+,10+,10+,10+,10+,10+,10+,10+,10+,10+,10+,10+,10+,10+,10+,10+,10+,10+,10+,10+,10+,10+,10+,10+,10+,10+,10+,10+,10+,10+,10+,10+,10+,10+,10+,10+,10+,10+,10+,10+,10+,10+,10+,10+,10+,10+,10+,10+,10+,10+,10+,10+,10+,10+,10+,10+,10+,10+,10+,10+,10+,10+,10+,10+,10+,10+,10+,10+,10+,10+,10+,10+,10+,10+,10+,10+,10+,10+,10+,10+,10+,10+,10+,10+,10+,155
156,6,6,6,6,6,6,6,6,6,6,6,6,6,6,6,6,6,6,6,6,6,6,6,6,6,6,6,6,6,6,6,7,7,7,7,7,7,7,7,8,8,8,8,8,8,9,9,9,9,9,9,10+,10+,10+,10+,10+,10+,10+,10+,10+,10+,10+,10+,10+,10+,10+,10+,10+,10+,10+,10+,10+,10+,10+,10+,10+,10+,10+,10+,10+,10+,10+,10+,10+,10+,10+,10+,10+,10+,10+,10+,10+,10+,10+,10+,10+,10+,10+,10+,10+,10+,10+,10+,10+,10+,10+,10+,10+,10+,10+,10+,10+,10+,10+,10+,10+,10+,10+,10+,10+,10+,10+,10+,10+,10+,10+,10+,10+,10+,10+,10+,10+,10+,10+,10+,10+,10+,10+,10+,10+,10+,10+,10+,10+,10+,10+,10+,10+,10+,10+,10+,10+,10+,10+,10+,10+,10+,10+,10+,10+,10+,10+,10+,10+,10+,10+,10+,10+,10+,10+,10+,10+,10+,10+,10+,10+,10+,10+,10+,10+,156
157,6,6,6,6,6,6,6,6,6,6,6,6,6,6,6,6,6,6,6,6,6,6,6,6,6,6,6,6,6,6,7,7,7,7,7,7,7,7,7,8,8,8,8,8,9,9,9,9,9,9,9,10+,10+,10+,10+,10+,10+,10+,10+,10+,10+,10+,10+,10+,10+,10+,10+,10+,10+,10+,10+,10+,10+,10+,10+,10+,10+,10+,10+,10+,10+,10+,10+,10+,10+,10+,10+,10+,10+,10+,10+,10+,10+,10+,10+,10+,10+,10+,10+,10+,10+,10+,10+,10+,10+,10+,10+,10+,10+,10+,10+,10+,10+,10+,10+,10+,10+,10+,10+,10+,10+,10+,10+,10+,10+,10+,10+,10+,10+,10+,10+,10+,10+,10+,10+,10+,10+,10+,10+,10+,10+,10+,10+,10+,10+,10+,10+,10+,10+,10+,10+,10+,10+,10+,10+,10+,10+,10+,10+,10+,10+,10+,10+,10+,10+,10+,10+,10+,10+,10+,10+,10+,10+,10+,10+,10+,10+,10+,10+,10+,157
158,6,6,6,6,6,6,6,6,6,6,6,6,6,6,6,6,6,6,6,6,6,6,6,6,6,6,6,6,6,6,7,7,7,7,7,7,7,7,7,8,8,8,8,8,9,9,9,9,9,9,9,10+,10+,10+,10+,10+,10+,10+,10+,10+,10+,10+,10+,10+,10+,10+,10+,10+,10+,10+,10+,10+,10+,10+,10+,10+,10+,10+,10+,10+,10+,10+,10+,10+,10+,10+,10+,10+,10+,10+,10+,10+,10+,10+,10+,10+,10+,10+,10+,10+,10+,10+,10+,10+,10+,10+,10+,10+,10+,10+,10+,10+,10+,10+,10+,10+,10+,10+,10+,10+,10+,10+,10+,10+,10+,10+,10+,10+,10+,10+,10+,10+,10+,10+,10+,10+,10+,10+,10+,10+,10+,10+,10+,10+,10+,10+,10+,10+,10+,10+,10+,10+,10+,10+,10+,10+,10+,10+,10+,10+,10+,10+,10+,10+,10+,10+,10+,10+,10+,10+,10+,10+,10+,10+,10+,10+,10+,10+,10+,10+,158
159,6,6,6,6,6,6,6,6,6,6,6,6,6,6,6,6,6,6,6,6,6,6,6,6,6,6,6,6,6,6,7,7,7,7,7,7,7,7,8,8,8,8,8,9,9,9,9,9,9,9,10+,10+,10+,10+,10+,10+,10+,10+,10+,10+,10+,10+,10+,10+,10+,10+,10+,10+,10+,10+,10+,10+,10+,10+,10+,10+,10+,10+,10+,10+,10+,10+,10+,10+,10+,10+,10+,10+,10+,10+,10+,10+,10+,10+,10+,10+,10+,10+,10+,10+,10+,10+,10+,10+,10+,10+,10+,10+,10+,10+,10+,10+,10+,10+,10+,10+,10+,10+,10+,10+,10+,10+,10+,10+,10+,10+,10+,10+,10+,10+,10+,10+,10+,10+,10+,10+,10+,10+,10+,10+,10+,10+,10+,10+,10+,10+,10+,10+,10+,10+,10+,10+,10+,10+,10+,10+,10+,10+,10+,10+,10+,10+,10+,10+,10+,10+,10+,10+,10+,10+,10+,10+,10+,10+,10+,10+,10+,10+,10+,10+,159
160,6,6,6,6,6,6,6,6,6,6,6,6,6,6,6,6,6,6,6,6,6,6,6,6,6,6,6,6,6,6,7,7,7,7,7,7,7,7,8,8,8,8,8,9,9,9,9,9,9,9,10+,10+,10+,10+,10+,10+,10+,10+,10+,10+,10+,10+,10+,10+,10+,10+,10+,10+,10+,10+,10+,10+,10+,10+,10+,10+,10+,10+,10+,10+,10+,10+,10+,10+,10+,10+,10+,10+,10+,10+,10+,10+,10+,10+,10+,10+,10+,10+,10+,10+,10+,10+,10+,10+,10+,10+,10+,10+,10+,10+,10+,10+,10+,10+,10+,10+,10+,10+,10+,10+,10+,10+,10+,10+,10+,10+,10+,10+,10+,10+,10+,10+,10+,10+,10+,10+,10+,10+,10+,10+,10+,10+,10+,10+,10+,10+,10+,10+,10+,10+,10+,10+,10+,10+,10+,10+,10+,10+,10+,10+,10+,10+,10+,10+,10+,10+,10+,10+,10+,10+,10+,10+,10+,10+,10+,10+,10+,10+,10+,10+,160
161,6,6,6,6,6,6,6,6,6,6,6,6,6,6,6,6,6,6,6,6,6,6,6,6,6,6,6,6,6,6,7,7,7,7,7,7,7,7,8,8,8,8,9,9,9,9,9,9,9,9,10+,10+,10+,10+,10+,10+,10+,10+,10+,10+,10+,10+,10+,10+,10+,10+,10+,10+,10+,10+,10+,10+,10+,10+,10+,10+,10+,10+,10+,10+,10+,10+,10+,10+,10+,10+,10+,10+,10+,10+,10+,10+,10+,10+,10+,10+,10+,10+,10+,10+,10+,10+,10+,10+,10+,10+,10+,10+,10+,10+,10+,10+,10+,10+,10+,10+,10+,10+,10+,10+,10+,10+,10+,10+,10+,10+,10+,10+,10+,10+,10+,10+,10+,10+,10+,10+,10+,10+,10+,10+,10+,10+,10+,10+,10+,10+,10+,10+,10+,10+,10+,10+,10+,10+,10+,10+,10+,10+,10+,10+,10+,10+,10+,10+,10+,10+,10+,10+,10+,10+,10+,10+,10+,10+,10+,10+,10+,10+,10+,10+,161
162,6,6,6,6,6,6,6,6,6,6,6,6,6,6,6,6,6,6,6,6,6,6,6,6,6,6,6,6,6,6,7,7,7,7,7,7,7,7,8,8,8,8,9,9,9,9,9,9,9,10+,10+,10+,10+,10+,10+,10+,10+,10+,10+,10+,10+,10+,10+,10+,10+,10+,10+,10+,10+,10+,10+,10+,10+,10+,10+,10+,10+,10+,10+,10+,10+,10+,10+,10+,10+,10+,10+,10+,10+,10+,10+,10+,10+,10+,10+,10+,10+,10+,10+,10+,10+,10+,10+,10+,10+,10+,10+,10+,10+,10+,10+,10+,10+,10+,10+,10+,10+,10+,10+,10+,10+,10+,10+,10+,10+,10+,10+,10+,10+,10+,10+,10+,10+,10+,10+,10+,10+,10+,10+,10+,10+,10+,10+,10+,10+,10+,10+,10+,10+,10+,10+,10+,10+,10+,10+,10+,10+,10+,10+,10+,10+,10+,10+,10+,10+,10+,10+,10+,10+,10+,10+,10+,10+,10+,10+,10+,10+,10+,10+,10+,162
163,6,6,6,6,6,6,6,6,6,6,6,6,6,6,6,6,6,6,6,6,6,6,6,6,6,6,6,6,6,6,7,7,7,7,7,7,7,8,8,8,8,8,9,9,9,9,9,9,9,10+,10+,10+,10+,10+,10+,10+,10+,10+,10+,10+,10+,10+,10+,10+,10+,10+,10+,10+,10+,10+,10+,10+,10+,10+,10+,10+,10+,10+,10+,10+,10+,10+,10+,10+,10+,10+,10+,10+,10+,10+,10+,10+,10+,10+,10+,10+,10+,10+,10+,10+,10+,10+,10+,10+,10+,10+,10+,10+,10+,10+,10+,10+,10+,10+,10+,10+,10+,10+,10+,10+,10+,10+,10+,10+,10+,10+,10+,10+,10+,10+,10+,10+,10+,10+,10+,10+,10+,10+,10+,10+,10+,10+,10+,10+,10+,10+,10+,10+,10+,10+,10+,10+,10+,10+,10+,10+,10+,10+,10+,10+,10+,10+,10+,10+,10+,10+,10+,10+,10+,10+,10+,10+,10+,10+,10+,10+,10+,10+,10+,10+,163
164,6,6,6,6,6,6,6,6,6,6,6,6,6,6,6,6,6,6,6,6,6,6,6,6,6,6,6,6,6,6,7,7,7,7,7,7,7,8,8,8,8,8,9,9,9,9,9,9,9,10+,10+,10+,10+,10+,10+,10+,10+,10+,10+,10+,10+,10+,10+,10+,10+,10+,10+,10+,10+,10+,10+,10+,10+,10+,10+,10+,10+,10+,10+,10+,10+,10+,10+,10+,10+,10+,10+,10+,10+,10+,10+,10+,10+,10+,10+,10+,10+,10+,10+,10+,10+,10+,10+,10+,10+,10+,10+,10+,10+,10+,10+,10+,10+,10+,10+,10+,10+,10+,10+,10+,10+,10+,10+,10+,10+,10+,10+,10+,10+,10+,10+,10+,10+,10+,10+,10+,10+,10+,10+,10+,10+,10+,10+,10+,10+,10+,10+,10+,10+,10+,10+,10+,10+,10+,10+,10+,10+,10+,10+,10+,10+,10+,10+,10+,10+,10+,10+,10+,10+,10+,10+,10+,10+,10+,10+,10+,10+,10+,10+,10+,164
165,6,6,6,6,6,6,6,6,6,6,6,6,6,6,6,6,6,6,6,6,6,6,6,6,6,6,6,6,6,6,7,7,7,7,7,7,7,8,8,8,8,8,9,9,9,9,9,9,10+,10+,10+,10+,10+,10+,10+,10+,10+,10+,10+,10+,10+,10+,10+,10+,10+,10+,10+,10+,10+,10+,10+,10+,10+,10+,10+,10+,10+,10+,10+,10+,10+,10+,10+,10+,10+,10+,10+,10+,10+,10+,10+,10+,10+,10+,10+,10+,10+,10+,10+,10+,10+,10+,10+,10+,10+,10+,10+,10+,10+,10+,10+,10+,10+,10+,10+,10+,10+,10+,10+,10+,10+,10+,10+,10+,10+,10+,10+,10+,10+,10+,10+,10+,10+,10+,10+,10+,10+,10+,10+,10+,10+,10+,10+,10+,10+,10+,10+,10+,10+,10+,10+,10+,10+,10+,10+,10+,10+,10+,10+,10+,10+,10+,10+,10+,10+,10+,10+,10+,10+,10+,10+,10+,10+,10+,10+,10+,10+,10+,10+,10+,165
166,6,6,6,6,6,6,6,6,6,6,6,6,6,6,6,6,6,6,6,6,6,6,6,6,6,6,6,6,6,6,7,7,7,7,7,7,7,8,8,8,8,8,9,9,9,9,9,9,10+,10+,10+,10+,10+,10+,10+,10+,10+,10+,10+,10+,10+,10+,10+,10+,10+,10+,10+,10+,10+,10+,10+,10+,10+,10+,10+,10+,10+,10+,10+,10+,10+,10+,10+,10+,10+,10+,10+,10+,10+,10+,10+,10+,10+,10+,10+,10+,10+,10+,10+,10+,10+,10+,10+,10+,10+,10+,10+,10+,10+,10+,10+,10+,10+,10+,10+,10+,10+,10+,10+,10+,10+,10+,10+,10+,10+,10+,10+,10+,10+,10+,10+,10+,10+,10+,10+,10+,10+,10+,10+,10+,10+,10+,10+,10+,10+,10+,10+,10+,10+,10+,10+,10+,10+,10+,10+,10+,10+,10+,10+,10+,10+,10+,10+,10+,10+,10+,10+,10+,10+,10+,10+,10+,10+,10+,10+,10+,10+,10+,10+,10+,166
167,6,6,6,6,6,6,6,6,6,6,6,6,6,6,6,6,6,6,6,6,6,6,6,6,6,6,6,6,6,6,7,7,7,7,7,7,7,8,8,8,8,9,9,9,9,9,9,9,10+,10+,10+,10+,10+,10+,10+,10+,10+,10+,10+,10+,10+,10+,10+,10+,10+,10+,10+,10+,10+,10+,10+,10+,10+,10+,10+,10+,10+,10+,10+,10+,10+,10+,10+,10+,10+,10+,10+,10+,10+,10+,10+,10+,10+,10+,10+,10+,10+,10+,10+,10+,10+,10+,10+,10+,10+,10+,10+,10+,10+,10+,10+,10+,10+,10+,10+,10+,10+,10+,10+,10+,10+,10+,10+,10+,10+,10+,10+,10+,10+,10+,10+,10+,10+,10+,10+,10+,10+,10+,10+,10+,10+,10+,10+,10+,10+,10+,10+,10+,10+,10+,10+,10+,10+,10+,10+,10+,10+,10+,10+,10+,10+,10+,10+,10+,10+,10+,10+,10+,10+,10+,10+,10+,10+,10+,10+,10+,10+,10+,10+,10+,167
168,6,6,6,6,6,6,6,6,6,6,6,6,6,6,6,6,6,6,6,6,6,6,6,6,6,6,6,6,6,6,7,7,7,7,7,7,7,8,8,8,8,9,9,9,9,9,9,9,10+,10+,10+,10+,10+,10+,10+,10+,10+,10+,10+,10+,10+,10+,10+,10+,10+,10+,10+,10+,10+,10+,10+,10+,10+,10+,10+,10+,10+,10+,10+,10+,10+,10+,10+,10+,10+,10+,10+,10+,10+,10+,10+,10+,10+,10+,10+,10+,10+,10+,10+,10+,10+,10+,10+,10+,10+,10+,10+,10+,10+,10+,10+,10+,10+,10+,10+,10+,10+,10+,10+,10+,10+,10+,10+,10+,10+,10+,10+,10+,10+,10+,10+,10+,10+,10+,10+,10+,10+,10+,10+,10+,10+,10+,10+,10+,10+,10+,10+,10+,10+,10+,10+,10+,10+,10+,10+,10+,10+,10+,10+,10+,10+,10+,10+,10+,10+,10+,10+,10+,10+,10+,10+,10+,10+,10+,10+,10+,10+,10+,10+,10+,168
169,6,6,6,6,6,6,6,6,6,6,6,6,6,6,6,6,6,6,6,6,6,6,6,6,6,6,6,6,6,6,7,7,7,7,7,7,7,8,8,8,8,9,9,9,9,9,9,9,10+,10+,10+,10+,10+,10+,10+,10+,10+,10+,10+,10+,10+,10+,10+,10+,10+,10+,10+,10+,10+,10+,10+,10+,10+,10+,10+,10+,10+,10+,10+,10+,10+,10+,10+,10+,10+,10+,10+,10+,10+,10+,10+,10+,10+,10+,10+,10+,10+,10+,10+,10+,10+,10+,10+,10+,10+,10+,10+,10+,10+,10+,10+,10+,10+,10+,10+,10+,10+,10+,10+,10+,10+,10+,10+,10+,10+,10+,10+,10+,10+,10+,10+,10+,10+,10+,10+,10+,10+,10+,10+,10+,10+,10+,10+,10+,10+,10+,10+,10+,10+,10+,10+,10+,10+,10+,10+,10+,10+,10+,10+,10+,10+,10+,10+,10+,10+,10+,10+,10+,10+,10+,10+,10+,10+,10+,10+,10+,10+,10+,10+,10+,169
170,6,6,6,6,6,6,6,6,6,6,6,6,6,6,6,6,6,6,6,6,6,6,6,6,6,6,6,6,6,6,7,7,7,7,7,7,7,8,8,8,8,9,9,9,9,9,9,9,10+,10+,10+,10+,10+,10+,10+,10+,10+,10+,10+,10+,10+,10+,10+,10+,10+,10+,10+,10+,10+,10+,10+,10+,10+,10+,10+,10+,10+,10+,10+,10+,10+,10+,10+,10+,10+,10+,10+,10+,10+,10+,10+,10+,10+,10+,10+,10+,10+,10+,10+,10+,10+,10+,10+,10+,10+,10+,10+,10+,10+,10+,10+,10+,10+,10+,10+,10+,10+,10+,10+,10+,10+,10+,10+,10+,10+,10+,10+,10+,10+,10+,10+,10+,10+,10+,10+,10+,10+,10+,10+,10+,10+,10+,10+,10+,10+,10+,10+,10+,10+,10+,10+,10+,10+,10+,10+,10+,10+,10+,10+,10+,10+,10+,10+,10+,10+,10+,10+,10+,10+,10+,10+,10+,10+,10+,10+,10+,10+,10+,10+,10+,170
171,6,6,6,6,6,6,6,6,6,6,6,6,6,6,6,6,6,6,6,6,6,6,6,6,6,6,6,6,6,6,7,7,7,7,7,7,7,8,8,8,8,9,9,9,9,9,9,10+,10+,10+,10+,10+,10+,10+,10+,10+,10+,10+,10+,10+,10+,10+,10+,10+,10+,10+,10+,10+,10+,10+,10+,10+,10+,10+,10+,10+,10+,10+,10+,10+,10+,10+,10+,10+,10+,10+,10+,10+,10+,10+,10+,10+,10+,10+,10+,10+,10+,10+,10+,10+,10+,10+,10+,10+,10+,10+,10+,10+,10+,10+,10+,10+,10+,10+,10+,10+,10+,10+,10+,10+,10+,10+,10+,10+,10+,10+,10+,10+,10+,10+,10+,10+,10+,10+,10+,10+,10+,10+,10+,10+,10+,10+,10+,10+,10+,10+,10+,10+,10+,10+,10+,10+,10+,10+,10+,10+,10+,10+,10+,10+,10+,10+,10+,10+,10+,10+,10+,10+,10+,10+,10+,10+,10+,10+,10+,10+,10+,10+,10+,10+,171
172,6,6,6,6,6,6,6,6,6,6,6,6,6,6,6,6,6,6,6,6,6,6,6,6,6,6,6,6,6,6,7,7,7,7,7,7,8,8,8,8,8,9,9,9,9,9,9,10+,10+,10+,10+,10+,10+,10+,10+,10+,10+,10+,10+,10+,10+,10+,10+,10+,10+,10+,10+,10+,10+,10+,10+,10+,10+,10+,10+,10+,10+,10+,10+,10+,10+,10+,10+,10+,10+,10+,10+,10+,10+,10+,10+,10+,10+,10+,10+,10+,10+,10+,10+,10+,10+,10+,10+,10+,10+,10+,10+,10+,10+,10+,10+,10+,10+,10+,10+,10+,10+,10+,10+,10+,10+,10+,10+,10+,10+,10+,10+,10+,10+,10+,10+,10+,10+,10+,10+,10+,10+,10+,10+,10+,10+,10+,10+,10+,10+,10+,10+,10+,10+,10+,10+,10+,10+,10+,10+,10+,10+,10+,10+,10+,10+,10+,10+,10+,10+,10+,10+,10+,10+,10+,10+,10+,10+,10+,10+,10+,10+,10+,10+,10+,172
173,6,6,6,6,6,6,6,6,6,6,6,6,6,6,6,6,6,6,6,6,6,6,6,6,6,6,6,6,6,6,7,7,7,7,7,7,8,8,8,8,8,9,9,9,9,9,9,10+,10+,10+,10+,10+,10+,10+,10+,10+,10+,10+,10+,10+,10+,10+,10+,10+,10+,10+,10+,10+,10+,10+,10+,10+,10+,10+,10+,10+,10+,10+,10+,10+,10+,10+,10+,10+,10+,10+,10+,10+,10+,10+,10+,10+,10+,10+,10+,10+,10+,10+,10+,10+,10+,10+,10+,10+,10+,10+,10+,10+,10+,10+,10+,10+,10+,10+,10+,10+,10+,10+,10+,10+,10+,10+,10+,10+,10+,10+,10+,10+,10+,10+,10+,10+,10+,10+,10+,10+,10+,10+,10+,10+,10+,10+,10+,10+,10+,10+,10+,10+,10+,10+,10+,10+,10+,10+,10+,10+,10+,10+,10+,10+,10+,10+,10+,10+,10+,10+,10+,10+,10+,10+,10+,10+,10+,10+,10+,10+,10+,10+,10+,10+,173
174,6,6,6,6,6,6,6,6,6,6,6,6,6,6,6,6,6,6,6,6,6,6,6,6,6,6,6,6,6,6,7,7,7,7,7,7,8,8,8,8,8,9,9,9,9,9,9,10+,10+,10+,10+,10+,10+,10+,10+,10+,10+,10+,10+,10+,10+,10+,10+,10+,10+,10+,10+,10+,10+,10+,10+,10+,10+,10+,10+,10+,10+,10+,10+,10+,10+,10+,10+,10+,10+,10+,10+,10+,10+,10+,10+,10+,10+,10+,10+,10+,10+,10+,10+,10+,10+,10+,10+,10+,10+,10+,10+,10+,10+,10+,10+,10+,10+,10+,10+,10+,10+,10+,10+,10+,10+,10+,10+,10+,10+,10+,10+,10+,10+,10+,10+,10+,10+,10+,10+,10+,10+,10+,10+,10+,10+,10+,10+,10+,10+,10+,10+,10+,10+,10+,10+,10+,10+,10+,10+,10+,10+,10+,10+,10+,10+,10+,10+,10+,10+,10+,10+,10+,10+,10+,10+,10+,10+,10+,10+,10+,10+,10+,10+,10+,174
175,6,6,6,6,6,6,6,6,6,6,6,6,6,6,6,6,6,6,6,6,6,6,6,6,6,6,6,6,6,6,7,7,7,7,7,7,8,8,8,8,8,9,9,9,9,9,9,10+,10+,10+,10+,10+,10+,10+,10+,10+,10+,10+,10+,10+,10+,10+,10+,10+,10+,10+,10+,10+,10+,10+,10+,10+,10+,10+,10+,10+,10+,10+,10+,10+,10+,10+,10+,10+,10+,10+,10+,10+,10+,10+,10+,10+,10+,10+,10+,10+,10+,10+,10+,10+,10+,10+,10+,10+,10+,10+,10+,10+,10+,10+,10+,10+,10+,10+,10+,10+,10+,10+,10+,10+,10+,10+,10+,10+,10+,10+,10+,10+,10+,10+,10+,10+,10+,10+,10+,10+,10+,10+,10+,10+,10+,10+,10+,10+,10+,10+,10+,10+,10+,10+,10+,10+,10+,10+,10+,10+,10+,10+,10+,10+,10+,10+,10+,10+,10+,10+,10+,10+,10+,10+,10+,10+,10+,10+,10+,10+,10+,10+,10+,10+,175
176,6,6,6,6,6,6,6,6,6,6,6,6,6,6,6,6,6,6,6,6,6,6,6,6,6,6,6,6,6,6,7,7,7,7,7,7,8,8,8,8,9,9,9,9,9,9,9,10+,10+,10+,10+,10+,10+,10+,10+,10+,10+,10+,10+,10+,10+,10+,10+,10+,10+,10+,10+,10+,10+,10+,10+,10+,10+,10+,10+,10+,10+,10+,10+,10+,10+,10+,10+,10+,10+,10+,10+,10+,10+,10+,10+,10+,10+,10+,10+,10+,10+,10+,10+,10+,10+,10+,10+,10+,10+,10+,10+,10+,10+,10+,10+,10+,10+,10+,10+,10+,10+,10+,10+,10+,10+,10+,10+,10+,10+,10+,10+,10+,10+,10+,10+,10+,10+,10+,10+,10+,10+,10+,10+,10+,10+,10+,10+,10+,10+,10+,10+,10+,10+,10+,10+,10+,10+,10+,10+,10+,10+,10+,10+,10+,10+,10+,10+,10+,10+,10+,10+,10+,10+,10+,10+,10+,10+,10+,10+,10+,10+,10+,10+,10+,176
177,6,6,6,6,6,6,6,6,6,6,6,6,6,6,6,6,6,6,6,6,6,6,6,6,6,6,6,6,6,6,7,7,7,7,7,7,8,8,8,8,9,9,9,9,9,9,9,10+,10+,10+,10+,10+,10+,10+,10+,10+,10+,10+,10+,10+,10+,10+,10+,10+,10+,10+,10+,10+,10+,10+,10+,10+,10+,10+,10+,10+,10+,10+,10+,10+,10+,10+,10+,10+,10+,10+,10+,10+,10+,10+,10+,10+,10+,10+,10+,10+,10+,10+,10+,10+,10+,10+,10+,10+,10+,10+,10+,10+,10+,10+,10+,10+,10+,10+,10+,10+,10+,10+,10+,10+,10+,10+,10+,10+,10+,10+,10+,10+,10+,10+,10+,10+,10+,10+,10+,10+,10+,10+,10+,10+,10+,10+,10+,10+,10+,10+,10+,10+,10+,10+,10+,10+,10+,10+,10+,10+,10+,10+,10+,10+,10+,10+,10+,10+,10+,10+,10+,10+,10+,10+,10+,10+,10+,10+,10+,10+,10+,10+,10+,10+,177
178,6,6,6,6,6,6,6,6,6,6,6,6,6,6,6,6,6,6,6,6,6,6,6,6,6,6,6,6,6,6,7,7,7,7,7,7,8,8,8,8,9,9,9,9,9,9,9,10+,10+,10+,10+,10+,10+,10+,10+,10+,10+,10+,10+,10+,10+,10+,10+,10+,10+,10+,10+,10+,10+,10+,10+,10+,10+,10+,10+,10+,10+,10+,10+,10+,10+,10+,10+,10+,10+,10+,10+,10+,10+,10+,10+,10+,10+,10+,10+,10+,10+,10+,10+,10+,10+,10+,10+,10+,10+,10+,10+,10+,10+,10+,10+,10+,10+,10+,10+,10+,10+,10+,10+,10+,10+,10+,10+,10+,10+,10+,10+,10+,10+,10+,10+,10+,10+,10+,10+,10+,10+,10+,10+,10+,10+,10+,10+,10+,10+,10+,10+,10+,10+,10+,10+,10+,10+,10+,10+,10+,10+,10+,10+,10+,10+,10+,10+,10+,10+,10+,10+,10+,10+,10+,10+,10+,10+,10+,10+,10+,10+,10+,10+,10+,178
179,6,6,6,6,6,6,6,6,6,6,6,6,6,6,6,6,6,6,6,6,6,6,6,6,6,6,6,6,6,6,7,7,7,7,7,7,8,8,8,8,9,9,9,9,9,9,10+,10+,10+,10+,10+,10+,10+,10+,10+,10+,10+,10+,10+,10+,10+,10+,10+,10+,10+,10+,10+,10+,10+,10+,10+,10+,10+,10+,10+,10+,10+,10+,10+,10+,10+,10+,10+,10+,10+,10+,10+,10+,10+,10+,10+,10+,10+,10+,10+,10+,10+,10+,10+,10+,10+,10+,10+,10+,10+,10+,10+,10+,10+,10+,10+,10+,10+,10+,10+,10+,10+,10+,10+,10+,10+,10+,10+,10+,10+,10+,10+,10+,10+,10+,10+,10+,10+,10+,10+,10+,10+,10+,10+,10+,10+,10+,10+,10+,10+,10+,10+,10+,10+,10+,10+,10+,10+,10+,10+,10+,10+,10+,10+,10+,10+,10+,10+,10+,10+,10+,10+,10+,10+,10+,10+,10+,10+,10+,10+,10+,10+,10+,10+,10+,179
180,6,6,6,6,6,6,6,6,6,6,6,6,6,6,6,6,6,6,6,6,6,6,6,6,6,6,6,6,6,6,7,7,7,7,7,7,8,8,8,8,9,9,9,9,9,9,10+,10+,10+,10+,10+,10+,10+,10+,10+,10+,10+,10+,10+,10+,10+,10+,10+,10+,10+,10+,10+,10+,10+,10+,10+,10+,10+,10+,10+,10+,10+,10+,10+,10+,10+,10+,10+,10+,10+,10+,10+,10+,10+,10+,10+,10+,10+,10+,10+,10+,10+,10+,10+,10+,10+,10+,10+,10+,10+,10+,10+,10+,10+,10+,10+,10+,10+,10+,10+,10+,10+,10+,10+,10+,10+,10+,10+,10+,10+,10+,10+,10+,10+,10+,10+,10+,10+,10+,10+,10+,10+,10+,10+,10+,10+,10+,10+,10+,10+,10+,10+,10+,10+,10+,10+,10+,10+,10+,10+,10+,10+,10+,10+,10+,10+,10+,10+,10+,10+,10+,10+,10+,10+,10+,10+,10+,10+,10+,10+,10+,10+,10+,10+,10+,180